FirstLast,Last,First,Year,YearsPlayed
Alfred Devendorf,Devendorf,Alfred,1956,1
John Fiala,Fiala,John,1957,1
Stephen Field,Field,Stephen,1960,1
Steven Belkin,Belkin,Steven,1969,3
John Preeg,Preeg,John,1968,2
Toby Marion,Marion,Toby,1970,3
Bruce Mesches,Mesches,Bruce,1968,1
David Tepper,Tepper,David,1970,3
Ronald Gaster,Gaster,Ronald,1969,1
Richard Kotz,Kotz,Richard,1970,2
David McMurray,McMurray,David,1970,2
Jay Umans,Umans,Jay,1969,1
Mark Kaufman,Kaufman,Mark,1971,2
Arnold Resnick,Resnick,Arnold,1972,3
Philip Coons,Coons,Philip,1973,3
George Duncan,Duncan,George,1973,2
Doren Goldstone,Goldstone,Doren,1972,2
Clark Herman,Herman,Clark,1974,3
Craig Perlow,Perlow,Craig,1974,2
Eric Schieding,Schieding,Eric,1973,1
Joseph Abell,Abell,Joseph,1977,4
Peter Boyd,Boyd,Peter,1976,3
Jeffrey Letzler,Letzler,Jeffrey,1974,1
Glenn Graves,Graves,Glenn,1977,3
Rex Parcells,Parcells,Rex,1976,2
Charles Schulz,Schulz,Charles,1975,1
Alan Yuter,Yuter,Alan,1976,2
Mark Fine,Fine,Mark,1976,1
Steven Fram,Fram,Steven,1976,1
Thomas Groos,Groos,Thomas,1976,1
Mitchell Brain,Brain,Mitchell,1978,2
Neal Douglas,Douglas,Neal,1977,1
John Englander,Englander,John,1980,4
Arthur Loomis,Loomis,Arthur,1977,1
Mark Reinharz,Reinharz,Mark,1978,2
Keith Usiskin,Usiskin,Keith,1980,4
Jeffry Allchin,Allchin,Jeffry,1978,1
Peter Castellano,Castellano,Peter,1981,4
Scott Dunn,Dunn,Scott,1978,1
James Kappas,Kappas,James,1978,1
Jay Kimmel,Kimmel,Jay,1978,1
Jonathon Kroll,Kroll,Jonathon,1978,1
Mike Matheis,Matheis,Mike,1981,4
Scott Walker,Walker,Scott,1980,3
Marc Zinder,Zinder,Marc,1978,1
Jeff Charlolff,Charlolff,Jeff,1982,4
Brian Curtis,Curtis,Brian,1980,4
Brad Rosenstein,Rosenstein,Brad,1983,4
Dave Fetterolf,Fetterolf,Dave,1981,1
Bill Gauger,Gauger,Bill,1988,2
Dave Merritt,Merritt,Dave,1985,4
Chuck Poe,Poe,Chuck,1983,2
Mike Rytting,Rytting,Mike,1985,4
Mitch Sacks,Sacks,Mitch,1982,1
Steve Silverman,Silverman,Steve,1982,1
Mark Bonnett,Bonnett,Mark,1983,1
James Connolly,Connolly,James,1986,4
Lauren Myers,Myers,Lauren,1983,1
Eric Cruz,Cruz,Eric,1987,4
John Kremer,Kremer,John,1987,2
Brian Siff,Siff,Brian,1986,2
Bruce Jervis,Jervis,Bruce,1988,4
Paul Meehan,Meehan,Paul,1985,1
Mike White,White,Mike,1985,1
Chris Foley,Foley,Chris,1987,2
Tony Giorgetti,Giorgetti,Tony,1987,2
Joe Tustin,Tustin,Joe,1989,2
John Fasullo,Fasullo,John,1990,4
David Neel,Neel,David,1989,3
Kevin Pegels,Pegels,Kevin,1987,1
Steve Begner,Begner,Steve,1991,4
Ian McDonald,McDonald,Ian,1988,1
Ted VonHoene,VonHoene,Ted,1988,1
Doug Jacobstein,Jacobstein,Doug,1992,4
Dave Schwarz,Schwarz,Dave,1989,1
Jeff Weiss,Weiss,Jeff,1990,2
Tony Gilchrist,Gilchrist,Tony,1992,3
Fernando Guzman,Guzman,Fernando,1991,2
James John,John,James,1993,4
Seth Cohen,Cohen,Seth,1994,3
Brian Byrne,Byrne,Brian,1993,2
Jason Cavalier,Cavalier,Jason,1994,3
Zubin Irani,Irani,Zubin,1992,1
Rai Katimansah,Katimansah,Rai,1993,2
Chaitanya Sreenivas,Sreenivas,Chaitanya,1993,2
Matt Atlas,Atlas,Matt,1996,3
George Banta,Banta,George,1996,3
Aaron Eberhardt,Eberhardt,Aaron,1994,2
Jeremy Gans,Gans,Jeremy,1996,4
Morgan Parker,Parker,Morgan,1994,2
Jon Rapkin,Rapkin,Jon,1996,4
Jonas Grossman,Grossman,Jonas,1995,2
Brian Kintz,Kintz,Brian,1997,4
Tom Brownlie,Brownlie,Tom,1998,4
Elliot Wagner,Wagner,Elliot,1996,2
Joshua Benjamin,Benjamin,Joshua,1998,3
Peter Stahl,Stahl,Peter,1999,4
Ken Ferrier,Ferrier,Ken,1997,1
Alex Kay,Kay,Alex,1997,1
Greg Artzt,Artzt,Greg,2001,4
Scott Fava,Fava,Scott,2000,1
Russell Gimelstob,Gimelstob,Russell,2001,4
Chris Lewit,Lewit,Chris,2000,1
Chris Means,Means,Chris,2000,2
Mike Slapp,Slapp,Mike,2000,1
Pat Hagan,Hagan,Pat,2001,3
Mike Halperin,Halperin,Mike,2001,3
Allan Zapadinsky,Zapadinsky,Allan,2000,1
Joe Chrisman,Chrisman,Joe,2000,1
Dan Kahn,Kahn,Dan,2000,1
Michael Mestel,Mestel,Michael,2001,2
Carl Thorsen,Thorsen,Carl,2000,1
Ricard Paes,Paes,Ricard,2018,1
