FirstLast,Criteria,FirstLast,Year,YearsPlayed,RosterLink,Hometown,HS,ClassYear,College,First,Gender,Last,MidInit,MidName,Name,RosterYear
Abedin Sham, Cornell,Abedin Sham,2004,2,https://cornellbigred.com/sports/mens-tennis/roster/abedin-sham/32227,"Mumbai, India",H.R. College of Commerce,['Sophomore' 'Junior'],Cornell University,Abedin,M,Sham,,,Abedin Sham,"[""2002-03 Men's Tennis Roster"" ""2003-04 Men's Tennis Roster""]"
Al Hill, Cornell,Al Hill,2017,1,https://cornellbigred.com/sports/mens-tennis/roster/al-hill/43476,"Atlanta, Ga.",The Westminster Schools,['Freshman'],Cornell University,Al,M,Hill,,,Al Hill,"[""2016-17 Men's Tennis Roster""]"
Alafia Ayeni, Cornell,Alafia Ayeni,2020,3,,"San Diego, Calif.",Westview HS,['Freshman' 'Sophomore' 'Junior'],Cornell University,Alafia,M,Ayeni,,,Alafia Ayeni,"[""2017-18 Men's Tennis Roster"" ""2018-19 Men's Tennis Roster""
 ""2019-20 Men's Tennis Roster""]"
Albert Trostel, Cornell,Albert Trostel,1953,1,,"Milkauwee, Wis.",Exeter,['Sophomore'],Cornell University,Albert,M,Trostel,O.,,Albert O. Trostel,"[""1952-53 Men's Tennis Roster""]"
Alex Kim, Cornell,Alex Kim,2005,1,,"Beaverton, Ore.",Southside HS,['Freshman'],Cornell University,Alex,M,Kim,,,Alex Kim,"[""2004-05 Men's Tennis Roster""]"
Alex Sidney, Cornell,Alex Sidney,2015,4,https://cornellbigred.com/sports/mens-tennis/roster/alex-sidney/39561,"Baltimore, Md.",McDonogh School,['Freshman' 'Sophomore' 'Junior' 'Senior'],Cornell University,Alex,M,Sidney,,,Alex Sidney,"[""2011-12 Men's Tennis Roster"" ""2012-13 Men's Tennis Roster""
 ""2013-14 Men's Tennis Roster"" ""2014-15 Men's Tennis Roster""]"
Alexander Champion, Cornell,Alexander Champion,1962,2,,"Dayton, O.",Lawrenceville,['Sophomore' 'Junior'],Cornell University,Alexander,M,Champion,B.,,Alexander B. Champion,"[""1960-61 Men's Tennis Roster"" ""1961-62 Men's Tennis Roster""]"
Alexander Wilton, Cornell,Alexander Wilton,2014,2,https://cornellbigred.com/sports/mens-tennis/roster/alexander-wilton/35239,"Ashtead, England",Reeds School,['Junior' 'Senior'],Cornell University,Alexander,M,Wilton,,,Alexander Wilton,"[""2012-13 Men's Tennis Roster"" ""2013-14 Men's Tennis Roster""]"
Alveric Kegerreis, Cornell,Alveric Kegerreis,1955,3,,"Lancaster, Pa.",Lancaster HS,['Sophomore' 'Junior' 'Senior'],Cornell University,Alveric,M,Kegerreis,,,Alveric Kegerreis,"[""1952-53 Men's Tennis Roster"" ""1953-1954 Men's Tennis Roster""
 ""1954-55 Men's Tennis Roster""]"
Andrew Dykeman, Cornell,Andrew Dykeman,2018,4,https://cornellbigred.com/sports/mens-tennis/roster/andrew-dykeman/45225,"Leawood, Kan.",Saint Andrew's School (Fla.),['Freshman' 'Sophomore' 'Junior' 'Senior'],Cornell University,Andrew,M,Dykeman,,,Andrew Dykeman,"[""2014-15 Men's Tennis Roster"" ""2015-16 Men's Tennis Roster""
 ""2016-17 Men's Tennis Roster"" ""2017-18 Men's Tennis Roster""]"
Andrew Hong, Cornell,Andrew Hong,2006,3,https://cornellbigred.com/sports/mens-tennis/roster/andrew-hong/32251,"Hewlett, N.Y.",G.W. Hewlett HS,['Freshman' 'Sophomore' 'Junior'],Cornell University,Andrew,M,Hong,,,Andrew Hong,"[""2003-04 Men's Tennis Roster"" ""2004-05 Men's Tennis Roster""
 ""2005-06 Men's Tennis Roster""]"
Andro Zunic, Cornell,Andro Zunic,2013,2,https://cornellbigred.com/sports/mens-tennis/roster/andro-zunic/31445,"Zagreb, Croatia",American International School of Zagreb,['Freshman' 'Sophomore'],Cornell University,Andro,M,Zunic,,,Andro Zunic,"[""2011-12 Men's Tennis Roster"" ""2012-13 Men's Tennis Roster""]"
Andy Gauthier, Cornell,Andy Gauthier,2011,4,https://cornellbigred.com/sports/mens-tennis/roster/andy-gauthier/13231,"Ann Arbor, Mich.",Pioneer HS,['Freshman' 'Sophomore' 'Junior' 'Senior'],Cornell University,Andy,M,Gauthier,,,Andy Gauthier,"[""2007-08 Men's Tennis Roster"" ""2008-09 Men's Tennis Roster""
 ""2009-10 Men's Tennis Roster"" ""2010-11 Men's Tennis Roster""]"
Aravinda Neuman, Cornell,Aravinda Neuman,2004,3,https://cornellbigred.com/sports/mens-tennis/roster/aravinda-neuman/32224,"London, England",Winchester College,['Sophomore' 'Junior' 'Senior'],Cornell University,Aravinda,M,Neuman,,,Aravinda Neuman,"[""2001-02 Men's Tennis Roster"" ""2002-03 Men's Tennis Roster""
 ""2003-04 Men's Tennis Roster""]"
Arthur Gorstenfeld, Cornell,Arthur Gorstenfeld,1948,2,,"Brooklyn, N.Y.",Midwood H.,['Freshman' 'Sophomore'],Cornell University,Arthur,M,Gorstenfeld,,,Arthur Gorstenfeld,"[""1946-47 Men's Tennis Roster"" ""1947-48 Men's Tennis Roster""]"
Ashish Bhandari, Cornell,Ashish Bhandari,2010,4,https://cornellbigred.com/sports/mens-tennis/roster/ashish-bhandari/11861,"Richmond Hill, Ont.",Bayview SS,['Freshman' 'Sophomore' 'Junior' 'Senior'],Cornell University,Ashish,M,Bhandari,,,Ashish Bhandari,"[""2006-07 Men's Tennis Roster"" ""2007-08 Men's Tennis Roster""
 ""2008-09 Men's Tennis Roster"" ""2009-10 Men's Tennis Roster""]"
Barry Poskanzer, Cornell,Barry Poskanzer,1966,2,,"Teaneck, NJ",Teaneck HS,['Sophomore' 'Junior'],Cornell University,Barry,M,Poskanzer,,,Barry Poskanzer,"[""1964-65 Men's Tennis Roster"" ""1965-66 Men's Tennis Roster""]"
Barton Brownstein, Cornell,Barton Brownstein,1956,1,,"Woodmere, NY",Southside HS,['Sophomore'],Cornell University,Barton,M,Brownstein,P.,,Barton P. Brownstein,"[""1955-56 Men's Tennis Roster""]"
Bernard Pinn, Cornell,Bernard Pinn,1952,1,,"Bedford, NY.",Exeter,['Sophomore'],Cornell University,Bernard,M,Pinn,,,Bernard Pinn,"[""1951-52 Men's Tennis Roster""]"
Bernard Carrey, Cornell,Bernard Carrey,1960,1,,"Teaneck, NJ",Teaneck HS,['Sophomore'],Cornell University,Bernard,M,Carrey,S.,,Bernard S. Carrey,"[""1959-60 Men's Tennis Roster""]"
Bernard Finn, Cornell,Bernard Finn,1954,2,,"Bedford Hills, NY.",Exeter,['Junior' 'Senior'],Cornell University,Bernard,M,Finn,S.,,Bernard S. Finn,"[""1952-53 Men's Tennis Roster"" ""1953-1954 Men's Tennis Roster""]"
Bernardo Casares Rosa, Cornell,Bernardo Casares Rosa,2017,4,https://cornellbigred.com/sports/mens-tennis/roster/bernardo-casares-rosa/43468,"Quito, Ecuador",Colegio Compuinformatica,['Freshman' 'Sophomore' 'Junior' 'Senior'],Cornell University,Bernardo,M,Rosa,Casares, Casares,Bernardo Casares Rosa,"[""2013-14 Men's Tennis Roster"" ""2014-15 Men's Tennis Roster""
 ""2015-16 Men's Tennis Roster"" ""2016-17 Men's Tennis Roster""]"
Brandon Smyth, Cornell,Brandon Smyth,2008,1,https://cornellbigred.com/sports/mens-tennis/roster/brandon-smyth/5793,"Old Bethpage, N.Y.",Plainview JFK Old Bethpage,['Freshman'],Cornell University,Brandon,M,Smyth,,,Brandon Smyth,"[""2007-08 Men's Tennis Roster""]"
Brett Cromwell, Cornell,Brett Cromwell,2013,3,https://cornellbigred.com/sports/mens-tennis/roster/brett-cromwell/31432,"Buffalo, N.Y.",Nick Bollettieri Tennis Academy,['Sophomore' 'Junior' 'Senior'],Cornell University,Brett,M,Cromwell,,,Brett Cromwell,"[""2010-11 Men's Tennis Roster"" ""2011-12 Men's Tennis Roster""
 ""2012-13 Men's Tennis Roster""]"
Brett McKeon, Cornell,Brett McKeon,2006,4,https://cornellbigred.com/sports/mens-tennis/roster/brett-mckeon/32253,"Boca Raton, Fla.",Boca Raton HS,['Freshman' 'Sophomore' 'Junior' 'Senior'],Cornell University,Brett,M,McKeon,,,Brett McKeon,"[""2002-03 Men's Tennis Roster"" ""2003-04 Men's Tennis Roster""
 ""2004-05 Men's Tennis Roster"" ""2005-06 Men's Tennis Roster""]"
Brian Miscall, Cornell,Brian Miscall,1958,1,,"Forest Hills, NY",Choate,['Sophomore'],Cornell University,Brian,M,Miscall,G.,,Brian G. Miscall,"[""1957-58 Men's Tennis Roster""]"
Bruce Boselli, Cornell,Bruce Boselli,1952,1,,"Union City, NJ.",Blair,['Sophomore'],Cornell University,Bruce,M,Boselli,,,Bruce Boselli,"[""1951-52 Men's Tennis Roster""]"
Bruce Welsh, Cornell,Bruce Welsh,1951,1,,"Orlando, Fla.",Asheville,['Senior'],Cornell University,Bruce,M,Welsh,H.,,Bruce H. Welsh,"[""1950-51 Men's Tennis Roster""]"
Bryant Yung, Cornell,Bryant Yung,2009,4,https://cornellbigred.com/sports/mens-tennis/roster/bryant-yung/10740,"San Marino, Calif.",San Marino HS,['Freshman' 'Sophomore' 'Junior' 'Senior'],Cornell University,Bryant,M,Yung,,,Bryant Yung,"[""2005-06 Men's Tennis Roster"" ""2006-07 Men's Tennis Roster""
 ""2007-08 Men's Tennis Roster"" ""2008-09 Men's Tennis Roster""]"
C. Warren Haas, Cornell,C. Warren Haas,1953,3,,"Reading, Pa.",Reading HS,['Sophomore' 'Junior' 'Senior'],Cornell University,C.,M,Haas,Warren, Warren,C. Warren Haas,"[""1950-51 Men's Tennis Roster"" ""1951-52 Men's Tennis Roster""
 ""1952-53 Men's Tennis Roster""]"
Charles Knight, Cornell,Charles Knight,1957,3,,"Winnetka, Ill.",New Trier,['Sophomore' 'Junior' 'Senior'],Cornell University,Charles,M,Knight,F.,,Charles F. Knight,"[""1954-55 Men's Tennis Roster"" ""1955-56 Men's Tennis Roster""
 ""1956-57 Men's Tennis Roster""]"
Charles Koepke, Cornell,Charles Koepke,1966,2,,"Pittsburgh, Pa.",Mt. Lebanon HS,['Sophomore' 'Junior'],Cornell University,Charles,M,Koepke,,,Charles Koepke,"[""1964-65 Men's Tennis Roster"" ""1965-66 Men's Tennis Roster""]"
Charles Bernstein, Cornell,Charles Bernstein,1956,3,,"Woodmere, NY",Woodmere HS,['Sophomore' 'Junior' 'Senior'],Cornell University,Charles,M,Bernstein,L.,,Charles L. Bernstein,"[""1953-1954 Men's Tennis Roster"" ""1954-55 Men's Tennis Roster""
 ""1955-56 Men's Tennis Roster""]"
Charles Thorp, Cornell,Charles Thorp,1960,1,,"Pittsburgh, Pa.",Shady Side A.,['Sophomore'],Cornell University,Charles,M,Thorp,M.,,Charles M. Thorp,"[""1959-60 Men's Tennis Roster""]"
Charles Quay, Cornell,Charles Quay,2013,4,,"Seattle, Wash.",Seattle Prep,['Freshman' 'Sophomore' 'Junior' 'Senior'],Cornell University,Charles,M,Quay,,,Charles Quay,"[""2009-10 Men's Tennis Roster"" ""2010-11 Men's Tennis Roster""
 ""2011-12 Men's Tennis Roster"" ""2012-13 Men's Tennis Roster""]"
Charles Henderson, Cornell,Charles Henderson,1964,1,,"Ithaca, NY",Ithaca HS,['Senior'],Cornell University,Charles,M,Henderson,R.,,Charles R. Henderson,"[""1963-64 Men's Tennis Roster""]"
Charn Bak, Cornell,Charn Bak,2005,2,https://cornellbigred.com/sports/mens-tennis/roster/charn-bak/32235,"Beaverton, Ore.",Beaverton HS,['Freshman' 'Sophomore'],Cornell University,Charn,M,Bak,,,Charn Bak,"[""2003-04 Men's Tennis Roster"" ""2004-05 Men's Tennis Roster""]"
Chris Lewis, Cornell,Chris Lewis,2002,1,,"Seattle, Wash.",Bush HS,['Senior'],Cornell University,Chris,M,Lewis,,,Chris Lewis,"[""2001-02 Men's Tennis Roster""]"
Chris Song, Cornell,Chris Song,2013,3,https://cornellbigred.com/sports/mens-tennis/roster/chris-song/31444,"Novi, Mich.",Greenhills School,['Freshman' 'Sophomore' 'Junior'],Cornell University,Chris,M,Song,,,Chris Song,"[""2010-11 Men's Tennis Roster"" ""2011-12 Men's Tennis Roster""
 ""2012-13 Men's Tennis Roster""]"
Chris Vrabel, Cornell,Chris Vrabel,2017,4,https://cornellbigred.com/sports/mens-tennis/roster/chris-vrabel/43475,"Centerville, Va.",Thomas Jefferson HS for Science & Technology,['Freshman' 'Sophomore' 'Junior' 'Senior'],Cornell University,Chris,M,Vrabel,,,Chris Vrabel,"[""2013-14 Men's Tennis Roster"" ""2014-15 Men's Tennis Roster""
 ""2015-16 Men's Tennis Roster"" ""2016-17 Men's Tennis Roster""]"
Christopher Demtrak, Cornell,Christopher Demtrak,1959,2,,"Binghamton, NY",Central HS,['Sophomore' 'Junior'],Cornell University,Christopher,M,Demtrak,L.,,Christopher L. Demtrak,"[""1957-58 Men's Tennis Roster"" ""1958-59 Men's Tennis Roster""]"
Christopher Levine, Cornell,Christopher Levine,2020,1,https://cornellbigred.com/sports/mens-tennis/roster/christopher-levine/52737,"Santa Monica, Calif.",IMG Bollettieri Academy,['Senior'],Cornell University,Christopher,M,Levine,,,Christopher Levine,"[""2019-20 Men's Tennis Roster""]"
Clarence Holland, Cornell,Clarence Holland,1966,1,,"Allentown, Pa.",Allen HS,['Sophomore'],Cornell University,Clarence,M,Holland,,,Clarence  Holland,"[""1965-66 Men's Tennis Roster""]"
Clyde Barker, Cornell,Clyde Barker,1954,2,,"Salt Lake City, Utah.",Exeter,['Junior' 'Senior'],Cornell University,Clyde,M,Barker,F.,,Clyde F. Barker,"[""1952-53 Men's Tennis Roster"" ""1953-1954 Men's Tennis Roster""]"
Colin Tait, Cornell,Colin Tait,1953,2,,"Cresskill, NJ.",Tenafly HS,['Sophomore' 'Junior'],Cornell University,Colin,M,Tait,C.,,Colin C. Tait,"[""1951-52 Men's Tennis Roster"" ""1952-53 Men's Tennis Roster""]"
Colin Sinclair, Cornell,Colin Sinclair,2017,4,https://cornellbigred.com/sports/mens-tennis/roster/colin-sinclair/43473,"Brisbane, Australia",Anglican Church Grammar School,['Freshman' 'Sophomore' 'Junior' 'Senior'],Cornell University,Colin,M,Sinclair,,,Colin Sinclair,"[""2013-14 Men's Tennis Roster"" ""2014-15 Men's Tennis Roster""
 ""2015-16 Men's Tennis Roster"" ""2016-17 Men's Tennis Roster""]"
Conner Sherwood, Cornell,Conner Sherwood,2009,1,https://cornellbigred.com/sports/mens-tennis/roster/conner-sherwood/10727,"Greensboro, N.C.",Grimsley HS,['Freshman'],Cornell University,Conner,M,Sherwood,,,Conner Sherwood,"[""2008-09 Men's Tennis Roster""]"
Craig Finger, Cornell,Craig Finger,1966,2,,"Niagara Falls, NY",Niagara Falls HS,['Sophomore' 'Junior'],Cornell University,Craig,M,Finger,,,Craig Finger,"[""1964-65 Men's Tennis Roster"" ""1965-66 Men's Tennis Roster""]"
Craig Sommers, Cornell,Craig Sommers,1964,3,,"Princeton, NJ",Princeton HS,['Sophomore' 'Junior' 'Senior'],Cornell University,Craig,M,Sommers,T.,,Craig T. Sommers,"[""1961-62 Men's Tennis Roster"" ""1962-63 Men's Tennis Roster""
 ""1963-64 Men's Tennis Roster""]"
Craig Fanning, Cornell,Craig Fanning,1957,3,,"Riverside, Conn.",Deerfield A.,['Sophomore' 'Junior' 'Senior'],Cornell University,Craig,M,Fanning,W.,,Craig W. Fanning,"[""1954-55 Men's Tennis Roster"" ""1955-56 Men's Tennis Roster""
 ""1956-57 Men's Tennis Roster""]"
Dan Brous, Cornell,Dan Brous,2007,4,,"Melville, N.Y.",Bellmore JFK HS,['Freshman' 'Sophomore' 'Junior' 'Senior'],Cornell University,Dan,M,Brous,,,Dan Brous,"[""2003-04 Men's Tennis Roster"" ""2004-05 Men's Tennis Roster""
 ""2005-06 Men's Tennis Roster"" ""2006-07 Men's Tennis Roster""]"
Dan Evett, Cornell,Dan Evett,1961,1,,"Ithaca, NY",Ithaca HS,['Sophomore'],Cornell University,Dan,M,Evett,H.,,Dan H. Evett,"[""1960-61 Men's Tennis Roster""]"
Daniel Grunberger, Cornell,Daniel Grunberger,2018,2,https://cornellbigred.com/sports/mens-tennis/roster/daniel-grunberger/45226,"Great Neck, N.Y.",Great Neck South HS (Columbia),['Junior' 'Senior'],Cornell University,Daniel,M,Grunberger,,,Daniel Grunberger,"[""2016-17 Men's Tennis Roster"" ""2017-18 Men's Tennis Roster""]"
Daniel Soyfer, Cornell,Daniel Soyfer,2020,2,https://cornellbigred.com/sports/mens-tennis/roster/daniel-soyfer/52663,"Plantation, Fla.",International Connections Academy (Wisconsin),['Junior' 'Senior'],Cornell University,Daniel,M,Soyfer,,,Daniel Soyfer,"[""2018-19 Men's Tennis Roster"" ""2019-20 Men's Tennis Roster""]"
Danny Riggs, Cornell,Danny Riggs,2012,1,https://cornellbigred.com/sports/mens-tennis/roster/danny-riggs/23760,"Pompano Beach, Fla.",Pompano Beach HS,['Freshman'],Cornell University,Danny,M,Riggs,,,Danny Riggs,"[""2011-12 Men's Tennis Roster""]"
David Browne, Cornell,David Browne,1964,1,,"Ithaca, NY",Ithaca HS,['Junior'],Cornell University,David,M,Browne,A.,,David A. Browne,"[""1963-64 Men's Tennis Roster""]"
David Potter, Cornell,David Potter,1947,1,,"E. Rochester, NY",E. Rochester,['Junior'],Cornell University,David,M,Potter,F.,,David F. Potter,"[""1946-47 Men's Tennis Roster""]"
David Oshinky, Cornell,David Oshinky,1963,1,,"Rego Park, NY",Forest Hills HS,['Sophomore'],Cornell University,David,M,Oshinky,M.,,David M. Oshinky,"[""1962-63 Men's Tennis Roster""]"
David Volfson, Cornell,David Volfson,2019,4,https://cornellbigred.com/sports/mens-tennis/roster/david-volfson/48703,"Thornhill, Ontario",Thornhill Secondary,['Freshman' 'Sophomore' 'Junior' 'Senior'],Cornell University,David,M,Volfson,,,David Volfson,"[""2015-16 Men's Tennis Roster"" ""2016-17 Men's Tennis Roster""
 ""2017-18 Men's Tennis Roster"" ""2018-19 Men's Tennis Roster""]"
DeLee Minner, Cornell,DeLee Minner,1955,2,,"Denver, Colo.",East HS,['Sophomore' 'Junior'],Cornell University,DeLee,M,Minner,,,DeLee Minner,"[""1953-1954 Men's Tennis Roster"" ""1954-55 Men's Tennis Roster""]"
Denton Ho, Cornell,Denton Ho,2020,3,https://cornellbigred.com/sports/mens-tennis/roster/denton-ho/52657,"Hong Kong, China",Diocesan Boys School,['Freshman' 'Sophomore' 'Junior'],Cornell University,Denton,M,Ho,,,Denton Ho,"[""2017-18 Men's Tennis Roster"" ""2018-19 Men's Tennis Roster""
 ""2019-20 Men's Tennis Roster""]"
Donald Iglehart, Cornell,Donald Iglehart,1955,3,,"Wauwatosa, Wis.",Wauwatosa HS,['Sophomore' 'Junior' 'Senior'],Cornell University,Donald,M,Iglehart,L.,,Donald L. Iglehart,"[""1952-53 Men's Tennis Roster"" ""1953-1954 Men's Tennis Roster""
 ""1954-55 Men's Tennis Roster""]"
Donald Arnaud, Cornell,Donald Arnaud,1956,3,,"Hempstead, NY",Hempstead HS,['Sophomore' 'Junior' 'Senior'],Cornell University,Donald,M,Arnaud,M.,,Donald M. Arnaud,"[""1953-1954 Men's Tennis Roster"" ""1954-55 Men's Tennis Roster""
 ""1955-56 Men's Tennis Roster""]"
Donald Greenberg, Cornell,Donald Greenberg,1955,3,,"Woodmere, NY.",Woodmere HS,['Sophomore' 'Junior' 'Senior'],Cornell University,Donald,M,Greenberg,P.,,Donald P. Greenberg,"[""1952-53 Men's Tennis Roster"" ""1953-1954 Men's Tennis Roster""
 ""1954-55 Men's Tennis Roster""]"
Donald Rubell, Cornell,Donald Rubell,1961,3,,"Brooklyn, NY",Wingate HS,['Sophomore' 'Junior' 'Senior'],Cornell University,Donald,M,Rubell,,,Donald Rubell,"[""1958-59 Men's Tennis Roster"" ""1959-60 Men's Tennis Roster""
 ""1960-61 Men's Tennis Roster""]"
Dragos Dima, Cornell,Dragos Dima,2013,1,https://cornellbigred.com/sports/mens-tennis/roster/dragos-dima/32673,"Ploiesti, Romania",Jean Monnet HS,['Freshman'],Cornell University,Dragos,M,Dima,,,Dragos Dima,"[""2012-13 Men's Tennis Roster""]"
Dylan Brown, Cornell,Dylan Brown,2017,4,https://cornellbigred.com/sports/mens-tennis/roster/dylan-brown/43467,"Camarillo, Calif.",Laurel Springs HS,['Freshman' 'Sophomore' 'Junior' 'Senior'],Cornell University,Dylan,M,Brown,,,Dylan Brown,"[""2013-14 Men's Tennis Roster"" ""2014-15 Men's Tennis Roster""
 ""2015-16 Men's Tennis Roster"" ""2016-17 Men's Tennis Roster""]"
Edward Gilbert, Cornell,Edward Gilbert,1947,1,,"Huntington, N.Y.",Horace Mann HS,['Sophomore'],Cornell University,Edward,M,Gilbert,H.,,Edward H. Gilbert,"[""1946-47 Men's Tennis Roster""]"
Eero Vasa, Cornell,Eero Vasa,2020,2,https://cornellbigred.com/sports/mens-tennis/roster/eero-vasa/52664,"Turku, Finland",Pohjols-Haagan Coeducational School (UCF),['Sophomore' 'Junior'],Cornell University,Eero,M,Vasa,,,Eero Vasa,"[""2018-19 Men's Tennis Roster"" ""2019-20 Men's Tennis Roster""]"
Evan Bernstein, Cornell,Evan Bernstein,2011,3,https://cornellbigred.com/sports/mens-tennis/roster/evan-bernstein/13229,"Boca Raton, Fl.",West Boca Raton HS,['Freshman' 'Sophomore' 'Senior'],Cornell University,Evan,M,Bernstein,,,Evan Bernstein,"[""2008-09 Men's Tennis Roster"" ""2009-10 Men's Tennis Roster""
 ""2010-11 Men's Tennis Roster""]"
Evan Bynoe, Cornell,Evan Bynoe,2020,3,https://cornellbigred.com/sports/mens-tennis/roster/evan-bynoe/52656,"Parkland, Fla.",Florida Virtual School,['Freshman' 'Sophomore' 'Junior'],Cornell University,Evan,M,Bynoe,,,Evan Bynoe,"[""2017-18 Men's Tennis Roster"" ""2018-19 Men's Tennis Roster""
 ""2019-20 Men's Tennis Roster""]"
Evan McElwain, Cornell,Evan McElwain,2013,3,https://cornellbigred.com/sports/mens-tennis/roster/evan-mcelwain/31438,"Tulsa, Okla.",Booker T. Washington HS,['Freshman' 'Sophomore' 'Junior'],Cornell University,Evan,M,McElwain,,,Evan McElwain,"[""2010-11 Men's Tennis Roster"" ""2011-12 Men's Tennis Roster""
 ""2012-13 Men's Tennis Roster""]"
Floyd Downs, Cornell,Floyd Downs,1958,3,,"Schenectady, NY",Nott Terrace HS,['Sophomore' 'Junior' 'Senior'],Cornell University,Floyd,M,Downs,L.,,Floyd L. Downs,"[""1955-56 Men's Tennis Roster"" ""1956-57 Men's Tennis Roster""
 ""1957-58 Men's Tennis Roster""]"
Gary Schoener, Cornell,Gary Schoener,1966,3,,"Lansdowne, Pa.",Lansdowne-Aldan HS,['Sophomore' 'Junior' 'Senior'],Cornell University,Gary,M,Schoener,R.,,Gary R. Schoener,"[""1963-64 Men's Tennis Roster"" ""1964-65 Men's Tennis Roster""
 ""1965-66 Men's Tennis Roster""]"
George Kennedy, Cornell,George Kennedy,1952,2,,"Grosse Pointe, Mic",Grosse Pointe HS,['Junior' 'Senior'],Cornell University,George,M,Kennedy,M.,,George M. Kennedy,"[""1950-51 Men's Tennis Roster"" ""1951-52 Men's Tennis Roster""]"
Gerald Barrack, Cornell,Gerald Barrack,1955,3,,"Bayonne, NJ.",Bayonne HS,['Sophomore' 'Junior' 'Senior'],Cornell University,Gerald,M,Barrack,M.,,Gerald M. Barrack,"[""1952-53 Men's Tennis Roster"" ""1953-1954 Men's Tennis Roster""
 ""1954-55 Men's Tennis Roster""]"
Gerald Friedman, Cornell,Gerald Friedman,1961,2,,"Woodmere, NY",Peddie,['Junior' 'Senior'],Cornell University,Gerald,M,Friedman,N.,,Gerald N. Friedman,"[""1959-60 Men's Tennis Roster"" ""1960-61 Men's Tennis Roster""]"
Gilmore Rothrock, Cornell,Gilmore Rothrock,1954,3,,"New Cumberland, Pa.",The Hill School,['Sophomore' 'Junior' 'Senior'],Cornell University,Gilmore,M,Rothrock,M.,,Gilmore M. Rothrock,"[""1951-52 Men's Tennis Roster"" ""1952-53 Men's Tennis Roster""
 ""1953-1954 Men's Tennis Roster""]"
Gordon Gardiner, Cornell,Gordon Gardiner,1950,4,,"Ridgewood, NJ",Ridgewood HS,['Freshman' 'Sophomore' 'Junior' 'Senior'],Cornell University,Gordon,M,Gardiner,,,Gordon Gardiner,"[""1946-47 Men's Tennis Roster"" ""1947-48 Men's Tennis Roster""
 ""1948-49 Men's Tennis Roster"" ""1949-50 Men's Tennis Roster""]"
H. Larry Braverman, Cornell,H. Larry Braverman,1960,1,,"Utica, NY",Utica Free A.,['Junior'],Cornell University,H.,M,Braverman,Larry, Larry,H. Larry Braverman,"[""1959-60 Men's Tennis Roster""]"
Harry Kirsch, Cornell,Harry Kirsch,1954,3,,"Newfane, Vt.",Rosenberd (Switzerland),['Sophomore' 'Junior' 'Senior'],Cornell University,Harry,M,Kirsch,R.,,Harry R. Kirsch,"[""1951-52 Men's Tennis Roster"" ""1952-53 Men's Tennis Roster""
 ""1953-1954 Men's Tennis Roster""]"
Henry Hinden, Cornell,Henry Hinden,1951,1,,"Lawrence, NY.",Lawrence HS,['Sophomore'],Cornell University,Henry,M,Hinden,,,Henry Hinden,"[""1950-51 Men's Tennis Roster""]"
Henry Steinglass, Cornell,Henry Steinglass,1962,2,,"New York, NY",Bronx HS of Science,['Junior' 'Senior'],Cornell University,Henry,M,Steinglass,J.,,Henry J. Steinglass,"[""1960-61 Men's Tennis Roster"" ""1961-62 Men's Tennis Roster""]"
Henry Strunk, Cornell,Henry Strunk,1954,1,,"Wyomissing, Pa.",Wyomissing HS,['Sophomore'],Cornell University,Henry,M,Strunk,K.,,Henry K. Strunk,"[""1953-1954 Men's Tennis Roster""]"
Herbert Doree, Cornell,Herbert Doree,1952,3,,"Barrington, Ill.",Choate,['Sophomore' 'Junior' 'Senior'],Cornell University,Herbert,M,Doree,A.,,Herbert A. Doree,"[""1949-50 Men's Tennis Roster"" ""1950-51 Men's Tennis Roster""
 ""1951-52 Men's Tennis Roster""]"
Herbert Johnston, Cornell,Herbert Johnston,1957,1,,"Buffalo, NY",Bennett HS,['Sophomore'],Cornell University,Herbert,M,Johnston,R.,,Herbert R. Johnston,"[""1956-57 Men's Tennis Roster""]"
Hollis Young, Cornell,Hollis Young,1948,2,,"Brookville, NY.",Hill School,['Junior' 'Senior'],Cornell University,Hollis,M,Young,D.,,Hollis D. Young,"[""1946-47 Men's Tennis Roster"" ""1947-48 Men's Tennis Roster""]"
Idwal Hughes, Cornell,Idwal Hughes,1953,2,,"Bailey's Bay, Bermuda",Whitney (Bermuda),['Sophomore' 'Junior'],Cornell University,Idwal,M,Hughes,,,Idwal Hughes,"[""1951-52 Men's Tennis Roster"" ""1952-53 Men's Tennis Roster""]"
Isaiah Brilhante, Cornell,Isaiah Brilhante,2017,3,https://cornellbigred.com/sports/mens-tennis/roster/isaiah-brilhante/43466,"Hilo, Hawaii",Waiakea HS,['Sophomore' 'Junior' 'Senior'],Cornell University,Isaiah,M,Brilhante,,,Isaiah Brilhante,"[""2014-15 Men's Tennis Roster"" ""2015-16 Men's Tennis Roster""
 ""2016-17 Men's Tennis Roster""]"
J. Lawrence Schnadig, Cornell,J. Lawrence Schnadig,1957,1,,"Highland Park, Ill.",Highland Park HS,['Sophomore'],Cornell University,J.,M,Schnadig,Lawrence, Lawrence,J. Lawrence Schnadig,"[""1956-57 Men's Tennis Roster""]"
Jake Gabay, Cornell,Jake Gabay,2016,1,https://cornellbigred.com/sports/mens-tennis/roster/jake-gabay/42178,"Belleair, Fla.",Laurel Springs School,['Freshman'],Cornell University,Jake,M,Gabay,,,Jake Gabay,"[""2015-16 Men's Tennis Roster""]"
Jake Hansen, Cornell,Jake Hansen,2019,2,https://cornellbigred.com/sports/mens-tennis/roster/jake-hansen/48697,"Houston, Texas",IMG Academy (Rice),['Junior' 'Senior'],Cornell University,Jake,M,Hansen,,,Jake Hansen,"[""2017-18 Men's Tennis Roster"" ""2018-19 Men's Tennis Roster""]"
James Maglisceau, Cornell,James Maglisceau,1963,1,,"N.Tonawanda, NY",N.Tonawanda HS,['Sophomore'],Cornell University,James,M,Maglisceau,A.,,James A. Maglisceau,"[""1962-63 Men's Tennis Roster""]"
James Levin, Cornell,James Levin,1966,1,,"Highland Park, Ill.",Highland Park HS,['Sophomore'],Cornell University,James,M,Levin,,,James Levin,"[""1965-66 Men's Tennis Roster""]"
James Shoffner, Cornell,James Shoffner,1954,2,,"Knoxville, Tenn.",McCallie,['Sophomore' 'Senior'],Cornell University,James,M,Shoffner,P.,,James P. Shoffner,"[""1951-52 Men's Tennis Roster"" ""1953-1954 Men's Tennis Roster""]"
James Kennedy, Cornell,James Kennedy,1950,4,,"Grosse Pointe, Mich",Grosse Pointe,['Freshman' 'Sophomore' 'Junior' 'Senior'],Cornell University,James,M,Kennedy,R.,,James R. Kennedy,"[""1946-47 Men's Tennis Roster"" ""1947-48 Men's Tennis Roster""
 ""1948-49 Men's Tennis Roster"" ""1949-50 Men's Tennis Roster""]"
Jared Karson, Cornell,Jared Karson,2013,4,https://cornellbigred.com/sports/mens-tennis/roster/jared-karson/31436,"Miami, Fla.",Ranson Everglades School,['Freshman' 'Sophomore' 'Junior' 'Senior'],Cornell University,Jared,M,Karson,,,Jared Karson,"[""2009-10 Men's Tennis Roster"" ""2010-11 Men's Tennis Roster""
 ""2011-12 Men's Tennis Roster"" ""2012-13 Men's Tennis Roster""]"
Jason Luu, Cornell,Jason Luu,2015,4,,"Fairfax, Va.",Fairfax HS,['Freshman' 'Sophomore' 'Junior' 'Senior'],Cornell University,Jason,M,Luu,,,Jason Luu,"[""2011-12 Men's Tennis Roster"" ""2012-13 Men's Tennis Roster""
 ""2013-14 Men's Tennis Roster"" ""2014-15 Men's Tennis Roster""]"
Jeremy Feldman, Cornell,Jeremy Feldman,2011,4,https://cornellbigred.com/sports/mens-tennis/roster/jeremy-feldman/13230,"Armonk, N.Y.",Byram Hills HS,['Freshman' 'Sophomore' 'Junior' 'Senior'],Cornell University,Jeremy,M,Feldman,,,Jeremy Feldman,"[""2007-08 Men's Tennis Roster"" ""2008-09 Men's Tennis Roster""
 ""2009-10 Men's Tennis Roster"" ""2010-11 Men's Tennis Roster""]"
Jerry Levin, Cornell,Jerry Levin,1963,3,,"Cincinnati, O.",Country Day,['Sophomore' 'Junior' 'Senior'],Cornell University,Jerry,M,Levin,M.,,Jerry M. Levin,"[""1960-61 Men's Tennis Roster"" ""1961-62 Men's Tennis Roster""
 ""1962-63 Men's Tennis Roster""]"
Joel Hasen, Cornell,Joel Hasen,1956,3,,"New York, NY",Fieldston,['Sophomore' 'Junior' 'Senior'],Cornell University,Joel,M,Hasen,,,Joel Hasen,"[""1953-1954 Men's Tennis Roster"" ""1954-55 Men's Tennis Roster""
 ""1955-56 Men's Tennis Roster""]"
Joel Pashcow, Cornell,Joel Pashcow,1964,3,,"Great Neck, NY",North HS,['Sophomore' 'Junior' 'Senior'],Cornell University,Joel,M,Pashcow,M.,,Joel M. Pashcow,"[""1961-62 Men's Tennis Roster"" ""1962-63 Men's Tennis Roster""
 ""1963-64 Men's Tennis Roster""]"
John Davidge, Cornell,John Davidge,1954,2,,"Binghamton, NY.",Central HS,['Sophomore' 'Junior'],Cornell University,John,M,Davidge,,,John  Davidge,"[""1952-53 Men's Tennis Roster"" ""1953-1954 Men's Tennis Roster""]"
John Nerenberg, Cornell,John Nerenberg,1966,3,,"Calverton, NY",Riverhead HS,['Sophomore' 'Junior' 'Senior'],Cornell University,John,M,Nerenberg,A.,,John A. Nerenberg,"[""1963-64 Men's Tennis Roster"" ""1964-65 Men's Tennis Roster""
 ""1965-66 Men's Tennis Roster""]"
John Keenan, Cornell,John Keenan,1951,1,,"Dayton, O.",Oakwood HS,['Senior'],Cornell University,John,M,Keenan,B.,,John B. Keenan,"[""1950-51 Men's Tennis Roster""]"
John Bock, Cornell,John Bock,1966,1,,"Houston, Texas",Kinkaid School,['Sophomore'],Cornell University,John,M,Bock,,,John Bock,"[""1965-66 Men's Tennis Roster""]"
John Riihiluoma, Cornell,John Riihiluoma,1950,4,,"Pembroke, Bermuda",Hill School,['Freshman' 'Sophomore' 'Junior' 'Senior'],Cornell University,John,M,Riihiluoma,E.,,John E. Riihiluoma,"[""1946-47 Men's Tennis Roster"" ""1947-48 Men's Tennis Roster""
 ""1948-49 Men's Tennis Roster"" ""1949-50 Men's Tennis Roster""]"
John Stockum, Cornell,John Stockum,1953,3,,"Dayton, O.",Oakwood HS,['Sophomore' 'Junior' 'Senior'],Cornell University,John,M,Stockum,E.,,John E. Stockum,"[""1950-51 Men's Tennis Roster"" ""1951-52 Men's Tennis Roster""
 ""1952-53 Men's Tennis Roster""]"
John Penn, Cornell,John Penn,1949,3,,"Forest Hills, N.Y.",NeBurney P.,['Sophomore' 'Junior' 'Senior'],Cornell University,John,M,Penn,N.,,John N. Penn,"[""1946-47 Men's Tennis Roster"" ""1947-48 Men's Tennis Roster""
 ""1948-49 Men's Tennis Roster""]"
John Palmeri, Cornell,John Palmeri,2010,1,,"New Canaan, Conn.",Greens Farms Acacdemy,['Freshman'],Cornell University,John,M,Palmeri,,,John Palmeri,"[""2009-10 Men's Tennis Roster""]"
John Galinato, Cornell,John Galinato,1966,3,,"West Point, NY",Highland Falls HS,['Sophomore' 'Junior' 'Senior'],Cornell University,John,M,Galinato,S.,,John S. Galinato,"[""1963-64 Men's Tennis Roster"" ""1964-65 Men's Tennis Roster""
 ""1965-66 Men's Tennis Roster""]"
John Schwartzman, Cornell,John Schwartzman,1965,1,,Washington DC,Friends,['Sophomore'],Cornell University,John,M,Schwartzman,,,John Schwartzman,"[""1964-65 Men's Tennis Roster""]"
John Clarkson, Cornell,John Clarkson,1953,2,,"St. Louis, Mo.",Country Day,['Sophomore' 'Junior'],Cornell University,John,M,Clarkson,T.,,John T. Clarkson,"[""1951-52 Men's Tennis Roster"" ""1952-53 Men's Tennis Roster""]"
John Smith, Cornell,John Smith,1947,1,,"Binghamton, N.Y.",Central H.,['Senior'],Cornell University,John,M,Smith,V.,,John V. Smith,"[""1946-47 Men's Tennis Roster""]"
Jon Minikes, Cornell,Jon Minikes,1959,2,,"Oceanside, NY",Oceanside HS,['Sophomore' 'Junior'],Cornell University,Jon,M,Minikes,C.,,Jon C. Minikes,"[""1957-58 Men's Tennis Roster"" ""1958-59 Men's Tennis Roster""]"
Jonathan Fife, Cornell,Jonathan Fife,2010,4,https://cornellbigred.com/sports/mens-tennis/roster/jonathan-fife/11863,"Scarsdale, N.Y.",Scarsdale HS,['Freshman' 'Sophomore' 'Junior' 'Senior'],Cornell University,Jonathan,M,Fife,,,Jonathan Fife,"[""2006-07 Men's Tennis Roster"" ""2007-08 Men's Tennis Roster""
 ""2008-09 Men's Tennis Roster"" ""2009-10 Men's Tennis Roster""]"
Jonathan Jaklitsch, Cornell,Jonathan Jaklitsch,2011,4,https://cornellbigred.com/sports/mens-tennis/roster/jonathan-jaklitsch/13232,"Islip, N.Y.",Islip HS,['Freshman' 'Sophomore' 'Junior' 'Senior'],Cornell University,Jonathan,M,Jaklitsch,,,Jonathan Jaklitsch,"[""2007-08 Men's Tennis Roster"" ""2008-09 Men's Tennis Roster""
 ""2009-10 Men's Tennis Roster"" ""2010-11 Men's Tennis Roster""]"
Jordan Dingle, Cornell,Jordan Dingle,1947,1,,"Dover, Del.",Dover H.,['Senior'],Cornell University,Jordan,M,Dingle,K.,,Jordan K. Dingle,"[""1946-47 Men's Tennis Roster""]"
Joseph Friedman, Cornell,Joseph Friedman,1965,2,,"Brooklyn, NY",Stuyvesant HS,['Sophomore' 'Senior'],Cornell University,Joseph,M,Friedman,,,Joseph Friedman,"[""1962-63 Men's Tennis Roster"" ""1964-65 Men's Tennis Roster""]"
Joseph McAllister, Cornell,Joseph McAllister,2020,4,https://cornellbigred.com/sports/mens-tennis/roster/joseph-mcallister/52660,"St. Louis, Mo.",Mary Institute and St. Louis Country Day School,['Freshman' 'Sophomore' 'Junior' 'Senior'],Cornell University,Joseph,M,McAllister,,,Joseph McAllister,"[""2016-17 Men's Tennis Roster"" ""2017-18 Men's Tennis Roster""
 ""2018-19 Men's Tennis Roster"" ""2019-20 Men's Tennis Roster""]"
Josh Raff, Cornell,Josh Raff,2007,4,,"Haverford, Pa.",Haverford School,['Freshman' 'Sophomore' 'Junior' 'Senior'],Cornell University,Josh,M,Raff,,,Josh Raff,"[""2003-04 Men's Tennis Roster"" ""2004-05 Men's Tennis Roster""
 ""2005-06 Men's Tennis Roster"" ""2006-07 Men's Tennis Roster""]"
Joshua Goldstein, Cornell,Joshua Goldstein,2009,4,https://cornellbigred.com/sports/mens-tennis/roster/joshua-goldstein/10734,"St. Louis, Mo.",Clayton HS,['Freshman' 'Sophomore' 'Junior' 'Senior'],Cornell University,Joshua,M,Goldstein,,,Joshua Goldstein,"[""2005-06 Men's Tennis Roster"" ""2006-07 Men's Tennis Roster""
 ""2007-08 Men's Tennis Roster"" ""2008-09 Men's Tennis Roster""]"
Juan Jose Rosas, Cornell,Juan Jose Rosas,2017,1,https://cornellbigred.com/sports/mens-tennis/roster/juan-jose-rosas/43882,"Lima, Peru",Liceo Naval Amirante Guise (Universidad de Piura),['Sophomore'],Cornell University,Juan,M,Rosas,Jose, Jose,Juan Jose Rosas,"[""2016-17 Men's Tennis Roster""]"
Judd Berg, Cornell,Judd Berg,2010,1,https://cornellbigred.com/sports/mens-tennis/roster/judd-berg/12049,"Cape Town, South Africa",British Int. School,['Freshman'],Cornell University,Judd,M,Berg,,,Judd Berg,"[""2009-10 Men's Tennis Roster""]"
Julian Cheng, Cornell,Julian Cheng,2003,2,https://cornellbigred.com/sports/mens-tennis/roster/julian-cheng/32208,"Hillsborough, Calif.",San Mateo HS,['Sophomore' 'Junior'],Cornell University,Julian,M,Cheng,,,Julian Cheng,"[""2001-02 Men's Tennis Roster"" ""2002-03 Men's Tennis Roster""]"
Karim Arem, Cornell,Karim Arem,2018,4,https://cornellbigred.com/sports/mens-tennis/roster/karim-arem/45224,"Houston, Texas",Awty International School,['Freshman' 'Sophomore' 'Junior' 'Senior'],Cornell University,Karim,M,Arem,,,Karim Arem,"[""2014-15 Men's Tennis Roster"" ""2015-16 Men's Tennis Roster""
 ""2016-17 Men's Tennis Roster"" ""2017-18 Men's Tennis Roster""]"
Karlo Lozic, Cornell,Karlo Lozic,2016,1,https://cornellbigred.com/sports/mens-tennis/roster/karlo-lozic/41796,"Zagreb, Croatia",Privatna Klasicna Gimnazija,['Freshman'],Cornell University,Karlo,M,Lozic,,,Karlo Lozic,"[""2015-16 Men's Tennis Roster""]"
Keith Stern, Cornell,Keith Stern,1958,1,,"Woodmere, NY",Woodmere HS,['Sophomore'],Cornell University,Keith,M,Stern,S.,,Keith S. Stern,"[""1957-58 Men's Tennis Roster""]"
Kenneth Kershbaum, Cornell,Kenneth Kershbaum,1962,2,,"Philadelphia, Pa.",Penn Charter,['Sophomore' 'Junior'],Cornell University,Kenneth,M,Kershbaum,L.,,Kenneth L. Kershbaum,"[""1960-61 Men's Tennis Roster"" ""1961-62 Men's Tennis Roster""]"
Kenneth Derr, Cornell,Kenneth Derr,1958,3,,"Penn Vallley, Pa.",Lower Merion HS,['Junior' 'Senior'],Cornell University,Kenneth,M,Derr,T.,,Kenneth T. Derr,"[""1955-56 Men's Tennis Roster"" ""1956-57 Men's Tennis Roster""
 ""1957-58 Men's Tennis Roster""]"
Kevin Jay, Cornell,Kevin Jay,2007,3,,"Auckland, New Zealand",Saint Kentigern College,['Sophomore' 'Senior'],Cornell University,Kevin,M,Jay,,,Kevin Jay,"[""2004-05 Men's Tennis Roster"" ""2005-06 Men's Tennis Roster""
 ""2006-07 Men's Tennis Roster""]"
Kevin Suffern, Cornell,Kevin Suffern,1966,1,,"Port Jervis, NY",Blair,['Sophomore'],Cornell University,Kevin,M,Suffern,,,Kevin Suffern,"[""1965-66 Men's Tennis Roster""]"
Kirk Reid, Cornell,Kirk Reid,1950,3,,"E. Cleveland, O.",Shaw HS.,['Sophomore' 'Junior' 'Senior'],Cornell University,Kirk,M,Reid,M.,,Kirk M. Reid,"[""1947-48 Men's Tennis Roster"" ""1948-49 Men's Tennis Roster""
 ""1949-50 Men's Tennis Roster""]"
Konstantin Kirovski, Cornell,Konstantin Kirovski,2020,2,https://cornellbigred.com/sports/mens-tennis/roster/konstantin-kirovski/52659,"Belgrade, Serbia",,['Freshman' 'Sophomore'],Cornell University,Konstantin,M,Kirovski,,,Konstantin Kirovski,"[""2018-19 Men's Tennis Roster"" ""2019-20 Men's Tennis Roster""]"
Kyle Berman, Cornell,Kyle Berman,2015,4,https://cornellbigred.com/sports/mens-tennis/roster/kyle-berman/39554,"Armonk, N.Y.",Byram Hills HS,['Freshman' 'Sophomore' 'Junior' 'Senior'],Cornell University,Kyle,M,Berman,,,Kyle Berman,"[""2011-12 Men's Tennis Roster"" ""2012-13 Men's Tennis Roster""
 ""2013-14 Men's Tennis Roster"" ""2014-15 Men's Tennis Roster""]"
Kyle Doppelt, Cornell,Kyle Doppelt,2009,4,https://cornellbigred.com/sports/mens-tennis/roster/kyle-doppelt/10730,"Purchase, N.Y.",Rye Country Day School,['Freshman' 'Sophomore' 'Junior' 'Senior'],Cornell University,Kyle,M,Doppelt,,,Kyle Doppelt,"[""2005-06 Men's Tennis Roster"" ""2006-07 Men's Tennis Roster""
 ""2007-08 Men's Tennis Roster"" ""2008-09 Men's Tennis Roster""]"
Lawrence Brown, Cornell,Lawrence Brown,1954,1,,"Highland Park, Ill.",Highland Park HS,['Sophomore'],Cornell University,Lawrence,M,Brown,H.,,Lawrence H. Brown,"[""1953-1954 Men's Tennis Roster""]"
Lee Saperston, Cornell,Lee Saperston,1951,1,,"Buffalo, NY.",Nichols,['Sophomore'],Cornell University,Lee,M,Saperston,R.,,Lee R. Saperston,"[""1950-51 Men's Tennis Roster""]"
Leland McCormac, Cornell,Leland McCormac,1952,1,,"Syracuse, NY.",Peddie,['Sophomore'],Cornell University,Leland,M,McCormac,D,,Leland D McCormac,"[""1951-52 Men's Tennis Roster""]"
Leonard Steiner, Cornell,Leonard Steiner,1950,4,,"Brooklyn, NY.",Brooklyn Tech.,['Freshman' 'Sophomore' 'Junior' 'Senior'],Cornell University,Leonard,M,Steiner,L.,,Leonard L. Steiner,"[""1946-47 Men's Tennis Roster"" ""1947-48 Men's Tennis Roster""
 ""1948-49 Men's Tennis Roster"" ""1949-50 Men's Tennis Roster""]"
Lev Kazakov, Cornell,Lev Kazakov,2020,4,https://cornellbigred.com/sports/mens-tennis/roster/lev-kazakov/52658,"Moscow, Russia",,['Freshman' 'Sophomore' 'Junior' 'Senior'],Cornell University,Lev,M,Kazakov,,,Lev Kazakov,"[""2016-17 Men's Tennis Roster"" ""2017-18 Men's Tennis Roster""
 ""2018-19 Men's Tennis Roster"" ""2019-20 Men's Tennis Roster""]"
Lewis Gaty, Cornell,Lewis Gaty,1953,2,,"Merion, Pa.",Lower Merion HS,['Sophomore' 'Junior'],Cornell University,Lewis,M,Gaty,R.,,Lewis R. Gaty,"[""1951-52 Men's Tennis Roster"" ""1952-53 Men's Tennis Roster""]"
Marc Asch, Cornell,Marc Asch,2009,4,,"North Reading, Mass.",Philips Academy,['Freshman' 'Sophomore' 'Junior' 'Senior'],Cornell University,Marc,M,Asch,,,Marc Asch,"[""2005-06 Men's Tennis Roster"" ""2006-07 Men's Tennis Roster""
 ""2007-08 Men's Tennis Roster"" ""2008-09 Men's Tennis Roster""]"
Mark Green, Cornell,Mark Green,1966,2,,"Great Neck, NY",Great Neck HS,['Sophomore' 'Junior'],Cornell University,Mark,M,Green,,,Mark Green,"[""1964-65 Men's Tennis Roster"" ""1965-66 Men's Tennis Roster""]"
Mark Witkin, Cornell,Mark Witkin,1959,1,,"Latrobe, Pa.",Latrobe HS,['Sophomore'],Cornell University,Mark,M,Witkin,J.,,Mark J. Witkin,"[""1958-59 Men's Tennis Roster""]"
Mark Taylor, Cornell,Mark Taylor,1966,1,,Washington DC,Wilson HS,['Sophomore'],Cornell University,Mark,M,Taylor,,,Mark Taylor,"[""1965-66 Men's Tennis Roster""]"
Matt Cherner-Ranft, Cornell,Matt Cherner-Ranft,2005,4,https://cornellbigred.com/sports/mens-tennis/roster/matt-cherner-ranft/32238,"Newtown Square, Pa.",Haverford School,['Freshman' 'Sophomore' 'Junior' 'Senior'],Cornell University,Matt,M,Cherner-Ranft,,,Matt Cherner-Ranft,"[""2001-02 Men's Tennis Roster"" ""2002-03 Men's Tennis Roster""
 ""2003-04 Men's Tennis Roster"" ""2004-05 Men's Tennis Roster""]"
Matthew Druyanoff, Cornell,Matthew Druyanoff,2020,1,https://cornellbigred.com/sports/mens-tennis/roster/matthew-druyanoff/52669,"Los Angeles, Calif.",Harvard-Westlake HS,['Freshman'],Cornell University,Matthew,M,Druyanoff,,,Matthew Druyanoff,"[""2019-20 Men's Tennis Roster""]"
Maverick Lin, Cornell,Maverick Lin,2017,2,https://cornellbigred.com/sports/mens-tennis/roster/maverick-lin/43471,"Highland Park, N.J.",Highland Park HS,['Freshman' 'Sophomore'],Cornell University,Maverick,M,Lin,,,Maverick Lin,"[""2015-16 Men's Tennis Roster"" ""2016-17 Men's Tennis Roster""]"
Max Haskin, Cornell,Max Haskin,2011,1,https://cornellbigred.com/sports/mens-tennis/roster/max-haskin/14092,"New York, N.Y.",Columbia Grammar and Preparatory School,['Freshman'],Cornell University,Max,M,Haskin,,,Max Haskin,"[""2010-11 Men's Tennis Roster""]"
Michael Bank, Cornell,Michael Bank,1965,1,,"New Rochelle, NY",New Rochelle HS,['Sophomore'],Cornell University,Michael,M,Bank,,,Michael Bank,"[""1964-65 Men's Tennis Roster""]"
Michael Brill, Cornell,Michael Brill,1965,1,,"Hewlett, NY",Hewlett HS,['Sophomore'],Cornell University,Michael,M,Brill,,,Michael Brill,"[""1964-65 Men's Tennis Roster""]"
Michael Schlappig, Cornell,Michael Schlappig,2004,3,https://cornellbigred.com/sports/mens-tennis/roster/michael-schlappig/32226,"Tampa, Fla.",Saddlebrook Prep,['Sophomore' 'Junior' 'Senior'],Cornell University,Michael,M,Schlappig,,,Michael Schlappig,"[""2001-02 Men's Tennis Roster"" ""2002-03 Men's Tennis Roster""
 ""2003-04 Men's Tennis Roster""]"
Mike Delany, Cornell,Mike Delany,2005,1,https://cornellbigred.com/sports/mens-tennis/roster/mike-delany/32243,"Milton, Mass.",Milton Academy,['Senior'],Cornell University,Mike,M,Delany,,,Mike Delany,"[""2004-05 Men's Tennis Roster""]"
Mike Laycob, Cornell,Mike Laycob,2003,1,https://cornellbigred.com/sports/mens-tennis/roster/mike-laycob/32216,"St. Louis, Mo.",John Burroughs School,['Senior'],Cornell University,Mike,M,Laycob,,,Mike Laycob,"[""2002-03 Men's Tennis Roster""]"
Mirza Klis, Cornell,Mirza Klis,2011,4,https://cornellbigred.com/sports/mens-tennis/roster/mirza-klis/13234,Bosnia,Sacred Heart Prep,['Freshman' 'Sophomore' 'Junior' 'Senior'],Cornell University,Mirza,M,Klis,,,Mirza Klis,"[""2007-08 Men's Tennis Roster"" ""2008-09 Men's Tennis Roster""
 ""2009-10 Men's Tennis Roster"" ""2010-11 Men's Tennis Roster""]"
Mujteba Haidri, Cornell,Mujteba Haidri,2002,1,https://cornellbigred.com/sports/mens-tennis/roster/mujteba-haidri/32493,"Edison, N.J.",JP Stevens HS,['Freshman'],Cornell University,Mujteba,M,Haidri,,,Mujteba Haidri,"[""2001-02 Men's Tennis Roster""]"
Nelson Joyner, Cornell,Nelson Joyner,1958,2,,"Anchorage, Ky.",Eastern HS,['Sophomore' 'Junior'],Cornell University,Nelson,M,Joyner,T.,,Nelson T. Joyner,"[""1956-57 Men's Tennis Roster"" ""1957-58 Men's Tennis Roster""]"
Nick Brunner, Cornell,Nick Brunner,2007,4,,"Sacramento, Calif.",Jesuit HS,['Freshman' 'Sophomore' 'Junior' 'Senior'],Cornell University,Nick,M,Brunner,,,Nick Brunner,"[""2003-04 Men's Tennis Roster"" ""2004-05 Men's Tennis Roster""
 ""2005-06 Men's Tennis Roster"" ""2006-07 Men's Tennis Roster""]"
P. Kay Champion, Cornell,P. Kay Champion,1960,3,,"Dayton, O.",Lawrenceville,['Sophomore' 'Junior' 'Senior'],Cornell University,P.,M,Champion,Kay, Kay,P. Kay Champion,"[""1957-58 Men's Tennis Roster"" ""1958-59 Men's Tennis Roster""
 ""1959-60 Men's Tennis Roster""]"
Patrick Fiaux, Cornell,Patrick Fiaux,2015,4,https://cornellbigred.com/sports/mens-tennis/roster/patrick-fiaux/39557,"Herrliberg, Switzerland",K+S Gymnasium Rämibühl,['Freshman' 'Sophomore' 'Junior' 'Senior'],Cornell University,Patrick,M,Fiaux,,,Patrick Fiaux,"[""2011-12 Men's Tennis Roster"" ""2012-13 Men's Tennis Roster""
 ""2013-14 Men's Tennis Roster"" ""2014-15 Men's Tennis Roster""]"
Paul Bomze, Cornell,Paul Bomze,1953,1,,"Philadelphia, Pa.",Central HS,['Senior'],Cornell University,Paul,M,Bomze,E.,,Paul E. Bomze,"[""1952-53 Men's Tennis Roster""]"
Paul Lansaw, Cornell,Paul Lansaw,1948,2,,"Middletown, Ohio",Middletown H.,['Freshman' 'Sophomore'],Cornell University,Paul,M,Lansaw,,,Paul Lansaw,"[""1946-47 Men's Tennis Roster"" ""1947-48 Men's Tennis Roster""]"
Paul Fein, Cornell,Paul Fein,1964,1,,"Longmeadow, Mass.",Williston,['Sophomore'],Cornell University,Paul,M,Fein,S.,,Paul S. Fein,"[""1963-64 Men's Tennis Roster""]"
Perry Fisher, Cornell,Perry Fisher,1961,2,,"Westfield, NJ",Westfield HS,['Junior' 'Senior'],Cornell University,Perry,M,Fisher,W.,,Perry W. Fisher,"[""1959-60 Men's Tennis Roster"" ""1960-61 Men's Tennis Roster""]"
Peter Marx, Cornell,Peter Marx,1964,1,,"Woodmere, NY",Hewlett,['Senior'],Cornell University,Peter,M,Marx,A.,,Peter A. Marx,"[""1963-64 Men's Tennis Roster""]"
Peter Aydellott, Cornell,Peter Aydellott,1958,1,,"Waverly, Pa.",Hill,['Sophomore'],Cornell University,Peter,M,Aydellott,C.,,Peter C. Aydellott,"[""1957-58 Men's Tennis Roster""]"
Peter Gold, Cornell,Peter Gold,1966,1,,"New York, NY",Hewlett HS,['Junior'],Cornell University,Peter,M,Gold,,,Peter Gold,"[""1965-66 Men's Tennis Roster""]"
Peter Moeller, Cornell,Peter Moeller,1961,3,,"Pittsfield, Mass.",Pittsfield HS,['Sophomore' 'Junior' 'Senior'],Cornell University,Peter,M,Moeller,H.,,Peter H. Moeller,"[""1958-59 Men's Tennis Roster"" ""1959-60 Men's Tennis Roster""
 ""1960-61 Men's Tennis Roster""]"
Peter Kortman, Cornell,Peter Kortman,1964,3,,"Wilmington, Del.",McDonogh,['Sophomore' 'Junior' 'Senior'],Cornell University,Peter,M,Kortman,J.,,Peter J. Kortman,"[""1961-62 Men's Tennis Roster"" ""1962-63 Men's Tennis Roster""
 ""1963-64 Men's Tennis Roster""]"
Peter Kung, Cornell,Peter Kung,2009,4,https://cornellbigred.com/sports/mens-tennis/roster/peter-kung/10737,"Bellevue, Wash.",Lakeside School,['Freshman' 'Sophomore' 'Junior' 'Senior'],Cornell University,Peter,M,Kung,,,Peter Kung,"[""2005-06 Men's Tennis Roster"" ""2006-07 Men's Tennis Roster""
 ""2007-08 Men's Tennis Roster"" ""2008-09 Men's Tennis Roster""]"
Peter Nawara, Cornell,Peter Nawara,2011,2,https://cornellbigred.com/sports/mens-tennis/roster/peter-nawara/13235,"Krakow, Poland",,['Freshman' 'Sophomore'],Cornell University,Peter,M,Nawara,,,Peter Nawara,"[""2009-10 Men's Tennis Roster"" ""2010-11 Men's Tennis Roster""]"
Pietro Rimondini, Cornell,Pietro Rimondini,2020,4,https://cornellbigred.com/sports/mens-tennis/roster/pietro-rimondini/52661,"Boca Raton, Fla.",Boca Prep International School,['Freshman' 'Sophomore' 'Junior' 'Senior'],Cornell University,Pietro,M,Rimondini,,,Pietro Rimondini,"[""2016-17 Men's Tennis Roster"" ""2017-18 Men's Tennis Roster""
 ""2018-19 Men's Tennis Roster"" ""2019-20 Men's Tennis Roster""]"
Quoc-Daniel Nguyen, Cornell,Quoc-Daniel Nguyen,2015,4,https://cornellbigred.com/sports/mens-tennis/roster/quoc-daniel-nguyen/39560,"Vienna, Va.",George C. Marshall HS,['Freshman' 'Sophomore' 'Junior' 'Senior'],Cornell University,Quoc-Daniel,M,Nguyen,,,Quoc-Daniel Nguyen,"[""2011-12 Men's Tennis Roster"" ""2012-13 Men's Tennis Roster""
 ""2013-14 Men's Tennis Roster"" ""2014-15 Men's Tennis Roster""]"
Ray Wu, Cornell,Ray Wu,2006,4,https://cornellbigred.com/sports/mens-tennis/roster/ray-wu/32255,"Ann Arbor, Mich.",Ann Arbor Huron HS,['Freshman' 'Sophomore' 'Junior' 'Senior'],Cornell University,Ray,M,Wu,,,Ray Wu,"[""2002-03 Men's Tennis Roster"" ""2003-04 Men's Tennis Roster""
 ""2004-05 Men's Tennis Roster"" ""2005-06 Men's Tennis Roster""]"
Raymond Howes, Cornell,Raymond Howes,1953,1,,Washington DC,Ithaca HS,['Sophomore'],Cornell University,Raymond,M,Howes,T.,,Raymond T. Howes,"[""1952-53 Men's Tennis Roster""]"
Reginald Rice, Cornell,Reginald Rice,1951,1,,"Wilmette, Ill.",New Trier HS,['Senior'],Cornell University,Reginald,M,Rice,W.,,Reginald W. Rice,"[""1950-51 Men's Tennis Roster""]"
Richard Ball, Cornell,Richard Ball,1959,3,,"East Aurora, N.Y.",East Aurora HS,['Junior' 'Senior'],Cornell University,Richard,M,Ball,A.,,Richard A. Ball,"[""1956-57 Men's Tennis Roster"" ""1957-58 Men's Tennis Roster""
 ""1958-59 Men's Tennis Roster""]"
Richard Gnaedinger, Cornell,Richard Gnaedinger,1947,1,,"Oak Park, Ill.",Oak Park H.,['Freshman'],Cornell University,Richard,M,Gnaedinger,C.,,Richard C. Gnaedinger,"[""1946-47 Men's Tennis Roster""]"
Richard Tatlow, Cornell,Richard Tatlow,1959,1,,"Scarsdale, NY",Deerfield,['Sophomore'],Cornell University,Richard,M,Tatlow,H.,,Richard H. Tatlow,"[""1958-59 Men's Tennis Roster""]"
Richard Goldstein, Cornell,Richard Goldstein,1949,2,,"Rochester, NY.",Brighton HS,['Junior' 'Senior'],Cornell University,Richard,M,Goldstein,N.,,Richard N. Goldstein,"[""1947-48 Men's Tennis Roster"" ""1948-49 Men's Tennis Roster""]"
Richard Offutt, Cornell,Richard Offutt,2010,4,https://cornellbigred.com/sports/mens-tennis/roster/richard-offutt/11867,"Charlotte, N.C.",Charlotte CDS,['Freshman' 'Sophomore' 'Junior' 'Senior'],Cornell University,Richard,M,Offutt,,,Richard Offutt,"[""2006-07 Men's Tennis Roster"" ""2007-08 Men's Tennis Roster""
 ""2008-09 Men's Tennis Roster"" ""2009-10 Men's Tennis Roster""]"
Richard Savitt, Cornell,Richard Savitt,1950,4,,"H.E. Orange, NJ",El Paso (Tex.),['Freshman' 'Sophomore' 'Junior' 'Senior'],Cornell University,Richard,M,Savitt,,,Richard Savitt,"[""1946-47 Men's Tennis Roster"" ""1947-48 Men's Tennis Roster""
 ""1948-49 Men's Tennis Roster"" ""1949-50 Men's Tennis Roster""]"
Robert Alexander, Cornell,Robert Alexander,1952,2,,"Waco, Tex.",Waco HS,['Senior' 'Graduate Student'],Cornell University,Robert,M,Alexander,B.,,Robert B. Alexander,"[""1950-51 Men's Tennis Roster"" ""1951-52 Men's Tennis Roster""]"
Robert McKee, Cornell,Robert McKee,1961,1,,"Hingham, Mass.",Hingham HS,['Sophomore'],Cornell University,Robert,M,McKee,D.,,Robert D. McKee,"[""1960-61 Men's Tennis Roster""]"
Robert Korn, Cornell,Robert Korn,1961,1,,"Poughkeepsie, NY",Poughkeepsie HS,['Sophomore'],Cornell University,Robert,M,Korn,E.,,Robert E. Korn,"[""1960-61 Men's Tennis Roster""]"
Robert Merrill, Cornell,Robert Merrill,1962,1,,"Plainfield, NJ",Plainfield HS,['Sophomore'],Cornell University,Robert,M,Merrill,F.,,Robert F. Merrill,"[""1961-62 Men's Tennis Roster""]"
Robert Rubin, Cornell,Robert Rubin,1947,1,,"Washington, DC.",Batto Poly.,['Junior'],Cornell University,Robert,M,Rubin,J.,,Robert J. Rubin,"[""1946-47 Men's Tennis Roster""]"
Robert Seifer, Cornell,Robert Seifer,1963,1,,"White Plains, NY",White Plains HS,['Sophomore'],Cornell University,Robert,M,Seifer,J.,,Robert J. Seifer,"[""1962-63 Men's Tennis Roster""]"
Robert Corrigan, Cornell,Robert Corrigan,1948,2,,"Baltimore, MD.",Northwestern College,['Freshman' 'Sophomore'],Cornell University,Robert,M,Corrigan,W.,,Robert W. Corrigan,"[""1946-47 Men's Tennis Roster"" ""1947-48 Men's Tennis Roster""]"
Rod de Llano, Cornell,Rod de Llano,1948,2,,"Laredo, Tex.",Laredo H.,['Sophomore' 'Junior'],Cornell University,Rod,M,de Llano,R.,,Rod R. de Llano,"[""1946-47 Men's Tennis Roster"" ""1947-48 Men's Tennis Roster""]"
Rodgers Heiss, Cornell,Rodgers Heiss,1948,1,,"Gulfport, Miss.",Shady Side A.,['Junior'],Cornell University,Rodgers,M,Heiss,H.,,Rodgers H. Heiss,"[""1947-48 Men's Tennis Roster""]"
Rohan Sikka, Cornell,Rohan Sikka,2020,4,https://cornellbigred.com/sports/mens-tennis/roster/rohan-sikka/52662,"London, England",University College School,['Freshman' 'Sophomore' 'Junior' 'Senior'],Cornell University,Rohan,M,Sikka,,,Rohan Sikka,"[""2016-17 Men's Tennis Roster"" ""2017-18 Men's Tennis Roster""
 ""2018-19 Men's Tennis Roster"" ""2019-20 Men's Tennis Roster""]"
Rory Heggie, Cornell,Rory Heggie,2008,4,https://cornellbigred.com/sports/mens-tennis/roster/rory-heggie/5749,"Miami, Fla.",Gulliver Prep,['Freshman' 'Sophomore' 'Junior' 'Senior'],Cornell University,Rory,M,Heggie,,,Rory Heggie,"[""2004-05 Men's Tennis Roster"" ""2005-06 Men's Tennis Roster""
 ""2006-07 Men's Tennis Roster"" ""2007-08 Men's Tennis Roster""]"
Sam Fleck, Cornell,Sam Fleck,2015,4,https://cornellbigred.com/sports/mens-tennis/roster/sam-fleck/39558,"Cambridge, UK",Hills Road 6th Form College,['Freshman' 'Sophomore' 'Junior' 'Senior'],Cornell University,Sam,M,Fleck,,,Sam Fleck,"[""2011-12 Men's Tennis Roster"" ""2012-13 Men's Tennis Roster""
 ""2013-14 Men's Tennis Roster"" ""2014-15 Men's Tennis Roster""]"
Samuel Dugan, Cornell,Samuel Dugan,1960,2,,"Hamburg, NY",Hamburg HS,['Redshirt Freshman' 'Freshman'],Cornell University,Samuel,M,Dugan,,,Samuel Dugan,"[""1958-59 Men's Tennis Roster"" ""1959-60 Men's Tennis Roster""]"
Samuel Desch, Cornell,Samuel Desch,1966,3,,"Stamford, Conn.",Brunswick,['Sophomore' 'Junior'],Cornell University,Samuel,M,Desch,H.,,Samuel H. Desch,"[""1963-64 Men's Tennis Roster"" ""1964-65 Men's Tennis Roster""
 ""1965-66 Men's Tennis Roster""]"
Scott Paltrowitz, Cornell,Scott Paltrowitz,2004,3,https://cornellbigred.com/sports/mens-tennis/roster/scott-paltrowitz/32225,"Queensbury, N.Y.",Queensbury HS,['Sophomore' 'Junior' 'Senior'],Cornell University,Scott,M,Paltrowitz,,,Scott Paltrowitz,"[""2001-02 Men's Tennis Roster"" ""2002-03 Men's Tennis Roster""
 ""2003-04 Men's Tennis Roster""]"
Scott Spencer, Cornell,Scott Spencer,2004,3,https://cornellbigred.com/sports/mens-tennis/roster/scott-spencer/32228,"Rolling Hills Estates, Calif.",Chadwick School,['Sophomore' 'Junior' 'Senior'],Cornell University,Scott,M,Spencer,,,Scott Spencer,"[""2001-02 Men's Tennis Roster"" ""2002-03 Men's Tennis Roster""
 ""2003-04 Men's Tennis Roster""]"
Silvio Chiba, Cornell,Silvio Chiba,2011,1,https://cornellbigred.com/sports/mens-tennis/roster/silvio-chiba/14091,"Irvine, Calif.",Northwood HS,['Senior'],Cornell University,Silvio,M,Chiba,,,Silvio Chiba,"[""2010-11 Men's Tennis Roster""]"
Spencer Clark, Cornell,Spencer Clark,2014,4,https://cornellbigred.com/sports/mens-tennis/roster/spencer-clark/35228,"Great Falls, Va.",Thomas Jefferson HS for Science and Technology,['Freshman' 'Sophomore' 'Junior' 'Senior'],Cornell University,Spencer,M,Clark,,,Spencer Clark,"[""2010-11 Men's Tennis Roster"" ""2011-12 Men's Tennis Roster""
 ""2012-13 Men's Tennis Roster"" ""2013-14 Men's Tennis Roster""]"
Stanley Wolfe, Cornell,Stanley Wolfe,1963,3,,"Brooklyn, NY",Wingate HS,['Sophomore' 'Junior' 'Senior'],Cornell University,Stanley,M,Wolfe,R.,,Stanley R. Wolfe,"[""1960-61 Men's Tennis Roster"" ""1961-62 Men's Tennis Roster""
 ""1962-63 Men's Tennis Roster""]"
Stefan Paulovic, Cornell,Stefan Paulovic,2002,1,,"Ahaus, Germany",Alexander-Heguis-Gymnasium,['Senior'],Cornell University,Stefan,M,Paulovic,,,Stefan Paulovic,"[""2001-02 Men's Tennis Roster""]"
Stefan Vinti, Cornell,Stefan Vinti,2016,3,https://cornellbigred.com/sports/mens-tennis/roster/stefan-vinti/41618,"Medias, Romania",Liceul Teoretic Axente Sever,['Sophomore' 'Junior' 'Senior'],Cornell University,Stefan,M,Vinti,,,Stefan Vinti,"[""2013-14 Men's Tennis Roster"" ""2014-15 Men's Tennis Roster""
 ""2015-16 Men's Tennis Roster""]"
Stephen Bush, Cornell,Stephen Bush,1962,1,,"Kew Gardens, NY",Lawrenceville,['Junior'],Cornell University,Stephen,M,Bush,J.,,Stephen J. Bush,"[""1961-62 Men's Tennis Roster""]"
Sunil Iyer, Cornell,Sunil Iyer,2004,3,https://cornellbigred.com/sports/mens-tennis/roster/sunil-iyer/32222,"Charleston, W.Va.",George Washington HS,['Freshman' 'Sophomore' 'Junior'],Cornell University,Sunil,M,Iyer,,,Sunil Iyer,"[""2001-02 Men's Tennis Roster"" ""2002-03 Men's Tennis Roster""
 ""2003-04 Men's Tennis Roster""]"
Thomas Pakurar, Cornell,Thomas Pakurar,1959,3,,"Richmond, Va.",Kenmore HS,['Sophomore' 'Junior' 'Senior'],Cornell University,Thomas,M,Pakurar,A.,,Thomas A. Pakurar,"[""1956-57 Men's Tennis Roster"" ""1957-58 Men's Tennis Roster""
 ""1958-59 Men's Tennis Roster""]"
Thomas Haas, Cornell,Thomas Haas,1951,1,,"Wavwatosa, Wis.",Wavwatosa HS,['Sophomore'],Cornell University,Thomas,M,Haas,O.,,Thomas O. Haas,"[""1950-51 Men's Tennis Roster""]"
Timothy Richards, Cornell,Timothy Richards,1964,3,,"New Canaan, Conn.",Loomis,['Sophomore' 'Junior' 'Senior'],Cornell University,Timothy,M,Richards,W.,,Timothy W. Richards,"[""1961-62 Men's Tennis Roster"" ""1962-63 Men's Tennis Roster""
 ""1963-64 Men's Tennis Roster""]"
Tongle Yu, Cornell,Tongle Yu,2008,4,https://cornellbigred.com/sports/mens-tennis/roster/tongle-yu/5768,"Dallas, Pa.",Torey Pines HS,['Freshman' 'Sophomore' 'Junior' 'Senior'],Cornell University,Tongle,M,Yu,,,Tongle Yu,"[""2004-05 Men's Tennis Roster"" ""2005-06 Men's Tennis Roster""
 ""2006-07 Men's Tennis Roster"" ""2007-08 Men's Tennis Roster""]"
Torrence Harder, Cornell,Torrence Harder,1963,1,,"Hamburg, NY",Mercersburg,['Sophomore'],Cornell University,Torrence,M,Harder,C.,,Torrence C. Harder,"[""1962-63 Men's Tennis Roster""]"
Venkat Iyer, Cornell,Venkat Iyer,2013,3,https://cornellbigred.com/sports/mens-tennis/roster/venkat-iyer/31435,"Bethesda, Md.",Bethesda-Chevy Chase HS,['Freshman' 'Sophomore' 'Junior'],Cornell University,Venkat,M,Iyer,,,Venkat Iyer,"[""2010-11 Men's Tennis Roster"" ""2011-12 Men's Tennis Roster""
 ""2012-13 Men's Tennis Roster""]"
Victor Ripp, Cornell,Victor Ripp,1960,1,,"New York, NY",Bronx HS of Science,['Senior'],Cornell University,Victor,M,Ripp,,,Victor Ripp,"[""1959-60 Men's Tennis Roster""]"
Victor Sun, Cornell,Victor Sun,1959,2,,Hong Kong,Hong Kong HS,['Junior' 'Senior'],Cornell University,Victor,M,Sun,,,Victor Sun,"[""1957-58 Men's Tennis Roster"" ""1958-59 Men's Tennis Roster""]"
Vladislav Melnic, Cornell,Vladislav Melnic,2020,1,https://cornellbigred.com/sports/mens-tennis/roster/vladislav-melnic/52670,"Bucharest, Romania",Emil Racovita,['Freshman'],Cornell University,Vladislav,M,Melnic,,,Vladislav Melnic,"[""2019-20 Men's Tennis Roster""]"
Walter Dockerill, Cornell,Walter Dockerill,1951,3,,"Larchmont, NY.",Iona,['Sophomore' 'Junior' 'Senior'],Cornell University,Walter,M,Dockerill,J.,,Walter J. Dockerill,"[""1948-49 Men's Tennis Roster"" ""1949-50 Men's Tennis Roster""
 ""1950-51 Men's Tennis Roster""]"
Walter Williamson, Cornell,Walter Williamson,1959,2,,"Brooklyn, NY",Erasmus Hall HS,['Sophomore' 'Junior'],Cornell University,Walter,M,Williamson,,,Walter Williamson,"[""1957-58 Men's Tennis Roster"" ""1958-59 Men's Tennis Roster""]"
Weston Nichols, Cornell,Weston Nichols,2008,3,https://cornellbigred.com/sports/mens-tennis/roster/weston-nichols/5757,"Great Falls, Va.",Flint Hill HS,['Sophomore' 'Junior' 'Senior'],Cornell University,Weston,M,Nichols,,,Weston Nichols,"[""2005-06 Men's Tennis Roster"" ""2006-07 Men's Tennis Roster""
 ""2007-08 Men's Tennis Roster""]"
William Pope, Cornell,William Pope,1957,1,,"Blue Bell, Pa.",Penn Charter,['Sophomore'],Cornell University,William,M,Pope,H.,,William H. Pope,"[""1956-57 Men's Tennis Roster""]"
William Keane, Cornell,William Keane,1956,3,,"Binghamton, NY",Binghamton Central HS,['Sophomore' 'Junior' 'Senior'],Cornell University,William,M,Keane,J.,,William J. Keane,"[""1953-1954 Men's Tennis Roster"" ""1954-55 Men's Tennis Roster""
 ""1955-56 Men's Tennis Roster""]"
William Taylor, Cornell,William Taylor,1964,3,,"Wilmington, Del.",Mt. Pleasant HS,['Sophomore' 'Junior' 'Senior'],Cornell University,William,M,Taylor,J.,,William J. Taylor,"[""1961-62 Men's Tennis Roster"" ""1962-63 Men's Tennis Roster""
 ""1963-64 Men's Tennis Roster""]"
William Easton, Cornell,William Easton,1948,1,,"New York, NY.",Poly Prep,['Junior'],Cornell University,William,M,Easton,L.,,William L. Easton,"[""1947-48 Men's Tennis Roster""]"
William Swirbal, Cornell,William Swirbal,1951,1,,"Bay Shore, NY.",St. George's,['Sophomore'],Cornell University,William,M,Swirbal,R.,,William R. Swirbal,"[""1950-51 Men's Tennis Roster""]"
William Greenawalt, Cornell,William Greenawalt,1955,2,,"Hartsdale, NY",Scarsdale HS,['Sophomore' 'Junior'],Cornell University,William,M,Greenawalt,S.,,William S. Greenawalt,"[""1953-1954 Men's Tennis Roster"" ""1954-55 Men's Tennis Roster""]"
William Swift, Cornell,William Swift,1966,2,,"Springfield, Pa.",Springfield HS,['Sophomore' 'Junior'],Cornell University,William,M,Swift,,,William Swift,"[""1964-65 Men's Tennis Roster"" ""1965-66 Men's Tennis Roster""]"
William Meyer, Cornell,William Meyer,1958,3,,"W. Palm Beach, Fla.",Palm Beach HS,['Sophomore' 'Junior' 'Senior'],Cornell University,William,M,Meyer,T.,,William T. Meyer,"[""1955-56 Men's Tennis Roster"" ""1956-57 Men's Tennis Roster""
 ""1957-58 Men's Tennis Roster""]"
Zach Gallin, Cornell,Zach Gallin,2004,3,https://cornellbigred.com/sports/mens-tennis/roster/zach-gallin/32221,"Setauket, N.Y.",Ward Melville HS,['Sophomore' 'Junior' 'Senior'],Cornell University,Zach,M,Gallin,,,Zach Gallin,"[""2001-02 Men's Tennis Roster"" ""2002-03 Men's Tennis Roster""
 ""2003-04 Men's Tennis Roster""]"
Zhongming Chen, Cornell,Zhongming Chen,2014,4,https://cornellbigred.com/sports/mens-tennis/roster/zhongming-chen/35227,"Oakland, Calif.",The College Preparatory School,['Freshman' 'Sophomore' 'Junior' 'Senior'],Cornell University,Zhongming,M,Chen,,,Zhongming Chen,"[""2010-11 Men's Tennis Roster"" ""2011-12 Men's Tennis Roster""
 ""2012-13 Men's Tennis Roster"" ""2013-14 Men's Tennis Roster""]"
Alfred Devendorf, Cornell,Alfred Devendorf,1956,1,,,,,Cornell University,Alfred,M,Devendorf,,,,
John Fiala, Cornell,John Fiala,1957,1,,,,,Cornell University,John,M,Fiala,,,,
Stephen Field, Cornell,Stephen Field,1960,1,,,,,Cornell University,Stephen,M,Field,,,,
Steven Belkin, Cornell,Steven Belkin,1969,3,,,,,Cornell University,Steven,M,Belkin,,,,
John Preeg, Cornell,John Preeg,1968,2,,,,,Cornell University,John,M,Preeg,,,,
Toby Marion, Cornell,Toby Marion,1970,3,,,,,Cornell University,Toby,M,Marion,,,,
Bruce Mesches, Cornell,Bruce Mesches,1968,1,,,,,Cornell University,Bruce,M,Mesches,,,,
David Tepper, Cornell,David Tepper,1970,3,,,,,Cornell University,David,M,Tepper,,,,
Ronald Gaster, Cornell,Ronald Gaster,1969,1,,,,,Cornell University,Ronald,M,Gaster,,,,
Richard Kotz, Cornell,Richard Kotz,1970,2,,,,,Cornell University,Richard,M,Kotz,,,,
David McMurray, Cornell,David McMurray,1970,2,,,,,Cornell University,David,M,McMurray,,,,
Jay Umans, Cornell,Jay Umans,1969,1,,,,,Cornell University,Jay,M,Umans,,,,
Mark Kaufman, Cornell,Mark Kaufman,1971,2,,,,,Cornell University,Mark,M,Kaufman,,,,
Arnold Resnick, Cornell,Arnold Resnick,1972,3,,,,,Cornell University,Arnold,M,Resnick,,,,
Philip Coons, Cornell,Philip Coons,1973,3,,,,,Cornell University,Philip,M,Coons,,,,
George Duncan, Cornell,George Duncan,1973,2,,,,,Cornell University,George,M,Duncan,,,,
Doren Goldstone, Cornell,Doren Goldstone,1972,2,,,,,Cornell University,Doren,M,Goldstone,,,,
Clark Herman, Cornell,Clark Herman,1974,3,,,,,Cornell University,Clark,M,Herman,,,,
Craig Perlow, Cornell,Craig Perlow,1974,2,,,,,Cornell University,Craig,M,Perlow,,,,
Eric Schieding, Cornell,Eric Schieding,1973,1,,,,,Cornell University,Eric,M,Schieding,,,,
Joseph Abell, Cornell,Joseph Abell,1977,4,,,,,Cornell University,Joseph,M,Abell,,,,
Peter Boyd, Cornell,Peter Boyd,1976,3,,,,,Cornell University,Peter,M,Boyd,,,,
Jeffrey Letzler, Cornell,Jeffrey Letzler,1974,1,,,,,Cornell University,Jeffrey,M,Letzler,,,,
Glenn Graves, Cornell,Glenn Graves,1977,3,,,,,Cornell University,Glenn,M,Graves,,,,
Rex Parcells, Cornell,Rex Parcells,1976,2,,,,,Cornell University,Rex,M,Parcells,,,,
Charles Schulz, Cornell,Charles Schulz,1975,1,,,,,Cornell University,Charles,M,Schulz,,,,
Alan Yuter, Cornell,Alan Yuter,1976,2,,,,,Cornell University,Alan,M,Yuter,,,,
Mark Fine, Cornell,Mark Fine,1976,1,,,,,Cornell University,Mark,M,Fine,,,,
Steven Fram, Cornell,Steven Fram,1976,1,,,,,Cornell University,Steven,M,Fram,,,,
Thomas Groos, Cornell,Thomas Groos,1976,1,,,,,Cornell University,Thomas,M,Groos,,,,
Mitchell Brain, Cornell,Mitchell Brain,1978,2,,,,,Cornell University,Mitchell,M,Brain,,,,
Neal Douglas, Cornell,Neal Douglas,1977,1,,,,,Cornell University,Neal,M,Douglas,,,,
John Englander, Cornell,John Englander,1980,4,,,,,Cornell University,John,M,Englander,,,,
Arthur Loomis, Cornell,Arthur Loomis,1977,1,,,,,Cornell University,Arthur,M,Loomis,,,,
Mark Reinharz, Cornell,Mark Reinharz,1978,2,,,,,Cornell University,Mark,M,Reinharz,,,,
Keith Usiskin, Cornell,Keith Usiskin,1980,4,,,,,Cornell University,Keith,M,Usiskin,,,,
Jeffry Allchin, Cornell,Jeffry Allchin,1978,1,,,,,Cornell University,Jeffry,M,Allchin,,,,
Peter Castellano, Cornell,Peter Castellano,1981,4,,,,,Cornell University,Peter,M,Castellano,,,,
Scott Dunn, Cornell,Scott Dunn,1978,1,,,,,Cornell University,Scott,M,Dunn,,,,
James Kappas, Cornell,James Kappas,1978,1,,,,,Cornell University,James,M,Kappas,,,,
Jay Kimmel, Cornell,Jay Kimmel,1978,1,,,,,Cornell University,Jay,M,Kimmel,,,,
Jonathon Kroll, Cornell,Jonathon Kroll,1978,1,,,,,Cornell University,Jonathon,M,Kroll,,,,
Mike Matheis, Cornell,Mike Matheis,1981,4,,,,,Cornell University,Mike,M,Matheis,,,,
Scott Walker, Cornell,Scott Walker,1980,3,,,,,Cornell University,Scott,M,Walker,,,,
Marc Zinder, Cornell,Marc Zinder,1978,1,,,,,Cornell University,Marc,M,Zinder,,,,
Jeff Charlolff, Cornell,Jeff Charlolff,1982,4,,,,,Cornell University,Jeff,M,Charlolff,,,,
Brian Curtis, Cornell,Brian Curtis,1980,4,,,,,Cornell University,Brian,M,Curtis,,,,
Brad Rosenstein, Cornell,Brad Rosenstein,1983,4,,,,,Cornell University,Brad,M,Rosenstein,,,,
Dave Fetterolf, Cornell,Dave Fetterolf,1981,1,,,,,Cornell University,Dave,M,Fetterolf,,,,
Bill Gauger, Cornell,Bill Gauger,1988,2,,,,,Cornell University,Bill,M,Gauger,,,,
Dave Merritt, Cornell,Dave Merritt,1985,4,,,,,Cornell University,Dave,M,Merritt,,,,
Chuck Poe, Cornell,Chuck Poe,1983,2,,,,,Cornell University,Chuck,M,Poe,,,,
Mike Rytting, Cornell,Mike Rytting,1985,4,,,,,Cornell University,Mike,M,Rytting,,,,
Mitch Sacks, Cornell,Mitch Sacks,1982,1,,,,,Cornell University,Mitch,M,Sacks,,,,
Steve Silverman, Cornell,Steve Silverman,1982,1,,,,,Cornell University,Steve,M,Silverman,,,,
Mark Bonnett, Cornell,Mark Bonnett,1983,1,,,,,Cornell University,Mark,M,Bonnett,,,,
James Connolly, Cornell,James Connolly,1986,4,,,,,Cornell University,James,M,Connolly,,,,
Lauren Myers, Cornell,Lauren Myers,1983,1,,,,,Cornell University,Lauren,M,Myers,,,,
Eric Cruz, Cornell,Eric Cruz,1987,4,,,,,Cornell University,Eric,M,Cruz,,,,
John Kremer, Cornell,John Kremer,1987,2,,,,,Cornell University,John,M,Kremer,,,,
Brian Siff, Cornell,Brian Siff,1986,2,,,,,Cornell University,Brian,M,Siff,,,,
Bruce Jervis, Cornell,Bruce Jervis,1988,4,,,,,Cornell University,Bruce,M,Jervis,,,,
Paul Meehan, Cornell,Paul Meehan,1985,1,,,,,Cornell University,Paul,M,Meehan,,,,
Mike White, Cornell,Mike White,1985,1,,,,,Cornell University,Mike,M,White,,,,
Chris Foley, Cornell,Chris Foley,1987,2,,,,,Cornell University,Chris,M,Foley,,,,
Tony Giorgetti, Cornell,Tony Giorgetti,1987,2,,,,,Cornell University,Tony,M,Giorgetti,,,,
Joe Tustin, Cornell,Joe Tustin,1989,2,,,,,Cornell University,Joe,M,Tustin,,,,
John Fasullo, Cornell,John Fasullo,1990,4,,,,,Cornell University,John,M,Fasullo,,,,
David Neel, Cornell,David Neel,1989,3,,,,,Cornell University,David,M,Neel,,,,
Kevin Pegels, Cornell,Kevin Pegels,1987,1,,,,,Cornell University,Kevin,M,Pegels,,,,
Steve Begner, Cornell,Steve Begner,1991,4,,,,,Cornell University,Steve,M,Begner,,,,
Ian McDonald, Cornell,Ian McDonald,1988,1,,,,,Cornell University,Ian,M,McDonald,,,,
Ted VonHoene, Cornell,Ted VonHoene,1988,1,,,,,Cornell University,Ted,M,VonHoene,,,,
Doug Jacobstein, Cornell,Doug Jacobstein,1992,4,,,,,Cornell University,Doug,M,Jacobstein,,,,
Dave Schwarz, Cornell,Dave Schwarz,1989,1,,,,,Cornell University,Dave,M,Schwarz,,,,
Jeff Weiss, Cornell,Jeff Weiss,1990,2,,,,,Cornell University,Jeff,M,Weiss,,,,
Tony Gilchrist, Cornell,Tony Gilchrist,1992,3,,,,,Cornell University,Tony,M,Gilchrist,,,,
Fernando Guzman, Cornell,Fernando Guzman,1991,2,,,,,Cornell University,Fernando,M,Guzman,,,,
James John, Cornell,James John,1993,4,,,,,Cornell University,James,M,John,,,,
Seth Cohen, Cornell,Seth Cohen,1994,3,,,,,Cornell University,Seth,M,Cohen,,,,
Brian Byrne, Cornell,Brian Byrne,1993,2,,,,,Cornell University,Brian,M,Byrne,,,,
Jason Cavalier, Cornell,Jason Cavalier,1994,3,,,,,Cornell University,Jason,M,Cavalier,,,,
Zubin Irani, Cornell,Zubin Irani,1992,1,,,,,Cornell University,Zubin,M,Irani,,,,
Rai Katimansah, Cornell,Rai Katimansah,1993,2,,,,,Cornell University,Rai,M,Katimansah,,,,
Chaitanya Sreenivas, Cornell,Chaitanya Sreenivas,1993,2,,,,,Cornell University,Chaitanya,M,Sreenivas,,,,
Matt Atlas, Cornell,Matt Atlas,1996,3,,,,,Cornell University,Matt,M,Atlas,,,,
George Banta, Cornell,George Banta,1996,3,,,,,Cornell University,George,M,Banta,,,,
Aaron Eberhardt, Cornell,Aaron Eberhardt,1994,2,,,,,Cornell University,Aaron,M,Eberhardt,,,,
Jeremy Gans, Cornell,Jeremy Gans,1996,4,,,,,Cornell University,Jeremy,M,Gans,,,,
Morgan Parker, Cornell,Morgan Parker,1994,2,,,,,Cornell University,Morgan,M,Parker,,,,
Jon Rapkin, Cornell,Jon Rapkin,1996,4,,,,,Cornell University,Jon,M,Rapkin,,,,
Jonas Grossman, Cornell,Jonas Grossman,1995,2,,,,,Cornell University,Jonas,M,Grossman,,,,
Brian Kintz, Cornell,Brian Kintz,1997,4,,,,,Cornell University,Brian,M,Kintz,,,,
Tom Brownlie, Cornell,Tom Brownlie,1998,4,,,,,Cornell University,Tom,M,Brownlie,,,,
Elliot Wagner, Cornell,Elliot Wagner,1996,2,,,,,Cornell University,Elliot,M,Wagner,,,,
Joshua Benjamin, Cornell,Joshua Benjamin,1998,3,,,,,Cornell University,Joshua,M,Benjamin,,,,
Peter Stahl, Cornell,Peter Stahl,1999,4,,,,,Cornell University,Peter,M,Stahl,,,,
Ken Ferrier, Cornell,Ken Ferrier,1997,1,,,,,Cornell University,Ken,M,Ferrier,,,,
Alex Kay, Cornell,Alex Kay,1997,1,,,,,Cornell University,Alex,M,Kay,,,,
Greg Artzt, Cornell,Greg Artzt,2001,4,,,,,Cornell University,Greg,M,Artzt,,,,
Scott Fava, Cornell,Scott Fava,2000,1,,,,,Cornell University,Scott,M,Fava,,,,
Russell Gimelstob, Cornell,Russell Gimelstob,2001,4,,,,,Cornell University,Russell,M,Gimelstob,,,,
Chris Lewit, Cornell,Chris Lewit,2000,1,,,,,Cornell University,Chris,M,Lewit,,,,
Chris Means, Cornell,Chris Means,2000,2,,,,,Cornell University,Chris,M,Means,,,,
Mike Slapp, Cornell,Mike Slapp,2000,1,,,,,Cornell University,Mike,M,Slapp,,,,
Pat Hagan, Cornell,Pat Hagan,2001,3,,,,,Cornell University,Pat,M,Hagan,,,,
Mike Halperin, Cornell,Mike Halperin,2001,3,,,,,Cornell University,Mike,M,Halperin,,,,
Allan Zapadinsky, Cornell,Allan Zapadinsky,2000,1,,,,,Cornell University,Allan,M,Zapadinsky,,,,
Joe Chrisman, Cornell,Joe Chrisman,2000,1,,,,,Cornell University,Joe,M,Chrisman,,,,
Dan Kahn, Cornell,Dan Kahn,2000,1,,,,,Cornell University,Dan,M,Kahn,,,,
Michael Mestel, Cornell,Michael Mestel,2001,2,,,,,Cornell University,Michael,M,Mestel,,,,
Carl Thorsen, Cornell,Carl Thorsen,2000,1,,,,,Cornell University,Carl,M,Thorsen,,,,
Ricard Paes, Cornell,Ricard Paes,2018,1,,,,,Cornell University,Ricard,M,Paes,,,,
